account_id,customer_id,account_type,account_status,currency,open_date,close_date,branch_code,branch_city,current_balance,avg_monthly_balance_6m,credit_limit,credit_utilization_pct,overdraft_enabled,card_type,is_joint_account,num_linked_devices,mobile_banking_enrolled,last_login_date,avg_monthly_txn_count,account_tier,risk_rating
ACC_000001,CUST_00001,NRE,ACTIVE,INR,2022-03-02,,BR189,Hyderabad,472935.00,446575.68,0.00,0.00,f,GOLD,f,2,t,2026-08-30,9,GOLD,MEDIUM
ACC_000002,CUST_00001,SALARY,ACTIVE,INR,2022-03-02,,BR146,Hyderabad,175809.00,201161.62,0.00,0.00,f,CLASSIC,f,3,t,2026-09-17,11,GOLD,MEDIUM
ACC_000003,CUST_00002,CURRENT,ACTIVE,INR,2021-01-28,,BR123,Bengaluru,251814.00,237109.49,0.00,0.00,f,GOLD,f,3,t,2026-08-28,13,GOLD,MEDIUM
ACC_000004,CUST_00003,NRE,ACTIVE,INR,2019-08-13,,BR192,Hyderabad,12793.00,14356.13,0.00,0.00,t,CLASSIC,f,2,t,2026-09-12,16,SILVER,HIGH
ACC_000005,CUST_00003,NRE,ACTIVE,INR,2019-08-13,,BR112,Hyderabad,293281.00,301964.11,0.00,0.00,t,CLASSIC,f,3,t,2026-08-26,29,GOLD,HIGH
ACC_000006,CUST_00004,SAVINGS,ACTIVE,INR,2017-10-13,,BR165,Delhi,678504.00,784519.48,0.00,0.00,t,CLASSIC,f,1,t,2026-09-10,16,GOLD,LOW
ACC_000007,CUST_00004,SAVINGS,ACTIVE,INR,2017-10-13,,BR194,Delhi,634294.00,742876.97,0.00,0.00,f,CLASSIC,f,1,t,2026-09-03,24,SILVER,LOW
ACC_000008,CUST_00005,NRE,ACTIVE,INR,2017-04-16,,BR190,Gurugram,290466.00,238128.13,0.00,0.00,t,CLASSIC,f,2,t,2026-08-25,12,GOLD,MEDIUM
ACC_000009,CUST_00005,NRE,ACTIVE,INR,2017-04-16,,BR169,Gurugram,490466.00,472470.70,0.00,0.00,f,CLASSIC,f,1,t,2026-08-24,28,SILVER,MEDIUM
ACC_000010,CUST_00006,SAVINGS,ACTIVE,INR,2017-02-10,,BR137,Pune,850535.00,738217.34,0.00,0.00,t,CLASSIC,f,3,t,2026-09-08,10,GOLD,HIGH
ACC_000011,CUST_00006,SAVINGS,ACTIVE,INR,2017-02-10,,BR118,Pune,548117.00,478589.00,0.00,0.00,t,GOLD,f,2,t,2026-09-10,27,SILVER,HIGH
ACC_000012,CUST_00007,SALARY,ACTIVE,INR,2016-09-10,,BR177,Bengaluru,241116.00,217679.05,0.00,0.00,t,GOLD,f,2,t,2026-09-10,30,SILVER,MEDIUM
ACC_000013,CUST_00008,SAVINGS,ACTIVE,INR,2023-10-16,,BR152,Gurugram,856615.00,911915.69,0.00,0.00,t,GOLD,f,2,t,2026-09-07,27,GOLD,LOW
ACC_000014,CUST_00008,CURRENT,ACTIVE,INR,2023-10-16,,BR114,Gurugram,423708.00,365018.42,0.00,0.00,f,CLASSIC,f,1,t,2026-09-13,19,SILVER,LOW
ACC_000015,CUST_00009,NRE,ACTIVE,INR,2020-08-17,,BR179,Chennai,342072.00,383484.53,0.00,0.00,f,GOLD,f,3,t,2026-08-26,17,GOLD,LOW
ACC_000016,CUST_00009,CURRENT,ACTIVE,INR,2020-08-17,,BR134,Chennai,77971.00,72022.47,0.00,0.00,t,GOLD,f,3,t,2026-08-29,19,SILVER,LOW
ACC_000017,CUST_00010,SAVINGS,ACTIVE,INR,2019-04-06,,BR138,Gurugram,753228.00,725681.62,0.00,0.00,t,CLASSIC,f,3,t,2026-09-13,30,GOLD,LOW
ACC_000018,CUST_00010,SALARY,ACTIVE,INR,2019-04-06,,BR158,Gurugram,108747.00,97070.10,0.00,0.00,t,CLASSIC,f,2,t,2026-09-12,25,SILVER,LOW
ACC_000019,CUST_00011,SAVINGS,ACTIVE,INR,2015-03-03,,BR127,Hyderabad,535121.00,539606.87,0.00,0.00,f,CLASSIC,f,1,t,2026-09-07,23,GOLD,LOW
ACC_000020,CUST_00011,SAVINGS,ACTIVE,INR,2015-03-03,,BR113,Hyderabad,394896.00,330975.75,0.00,0.00,t,GOLD,f,2,t,2026-08-25,23,SILVER,LOW
ACC_000021,CUST_00012,CURRENT,ACTIVE,INR,2024-05-16,,BR159,Delhi,805470.00,872794.25,0.00,0.00,f,CLASSIC,f,3,t,2026-09-10,20,SILVER,LOW
ACC_000022,CUST_00013,SALARY,ACTIVE,INR,2015-11-20,,BR113,Kolkata,610221.00,613445.67,0.00,0.00,t,GOLD,f,1,t,2026-09-05,10,GOLD,HIGH
ACC_000023,CUST_00014,SAVINGS,ACTIVE,INR,2016-11-22,,BR115,Chennai,497338.00,590477.63,0.00,0.00,f,GOLD,f,1,t,2026-08-24,10,GOLD,MEDIUM
ACC_000024,CUST_00014,SAVINGS,ACTIVE,INR,2016-11-22,,BR137,Chennai,901551.00,833875.93,0.00,0.00,f,CLASSIC,f,3,t,2026-09-18,22,GOLD,MEDIUM
ACC_000025,CUST_00015,SAVINGS,ACTIVE,INR,2017-04-05,,BR180,Gurugram,684521.00,634959.55,0.00,0.00,f,GOLD,f,3,t,2026-08-31,24,SILVER,MEDIUM
ACC_000026,CUST_00016,SALARY,ACTIVE,INR,2019-02-18,,BR196,Hyderabad,314103.00,289753.11,0.00,0.00,f,CLASSIC,f,2,t,2026-08-21,10,SILVER,MEDIUM
ACC_000027,CUST_00016,CURRENT,ACTIVE,INR,2019-02-18,,BR115,Hyderabad,268876.00,277258.93,0.00,0.00,f,GOLD,f,2,t,2026-09-02,19,SILVER,MEDIUM
ACC_000028,CUST_00017,NRE,ACTIVE,INR,2020-02-14,,BR194,Hyderabad,823951.00,979177.11,0.00,0.00,f,GOLD,f,3,t,2026-08-30,21,SILVER,LOW
ACC_000029,CUST_00017,CURRENT,ACTIVE,INR,2020-02-14,,BR114,Hyderabad,197762.00,196509.39,0.00,0.00,t,CLASSIC,f,1,t,2026-08-24,16,GOLD,LOW
ACC_000030,CUST_00018,SAVINGS,ACTIVE,INR,2018-05-02,,BR142,Delhi,483027.00,532554.92,0.00,0.00,f,GOLD,f,3,t,2026-09-15,19,SILVER,LOW
ACC_000031,CUST_00018,SAVINGS,ACTIVE,INR,2018-05-02,,BR112,Delhi,691817.00,644051.79,0.00,0.00,t,GOLD,f,1,t,2026-08-30,24,GOLD,LOW
ACC_000032,CUST_00019,SALARY,ACTIVE,INR,2016-07-28,,BR118,Chennai,315115.00,329806.64,0.00,0.00,t,GOLD,f,2,t,2026-09-19,29,GOLD,LOW
ACC_000033,CUST_00019,SAVINGS,ACTIVE,INR,2016-07-28,,BR115,Chennai,679034.00,680966.63,0.00,0.00,f,CLASSIC,f,1,t,2026-09-03,18,SILVER,LOW
ACC_000034,CUST_00020,NRE,ACTIVE,INR,2019-06-19,,BR132,Kolkata,91143.00,91586.30,0.00,0.00,f,CLASSIC,f,1,t,2026-09-17,13,GOLD,LOW
ACC_000035,CUST_00021,SAVINGS,ACTIVE,INR,2021-08-13,,BR138,Hyderabad,465312.00,543031.91,0.00,0.00,f,GOLD,f,3,t,2026-09-04,23,GOLD,LOW
ACC_000036,CUST_00022,NRE,ACTIVE,INR,2017-04-24,,BR163,Mumbai,484535.00,417497.53,0.00,0.00,f,GOLD,f,1,t,2026-08-29,27,SILVER,LOW
ACC_000037,CUST_00022,SAVINGS,ACTIVE,INR,2017-04-24,,BR164,Mumbai,687694.00,816235.83,0.00,0.00,f,CLASSIC,f,2,t,2026-09-10,26,SILVER,LOW
ACC_000038,CUST_00023,SAVINGS,ACTIVE,INR,2024-10-27,,BR196,Delhi,163688.00,177031.49,0.00,0.00,f,GOLD,f,3,t,2026-09-19,32,GOLD,LOW
ACC_000039,CUST_00023,CURRENT,ACTIVE,INR,2024-10-27,,BR180,Delhi,312198.00,305307.02,0.00,0.00,t,CLASSIC,f,3,t,2026-09-08,19,SILVER,LOW
ACC_000040,CUST_00024,NRE,ACTIVE,INR,2021-04-03,,BR128,Chennai,354213.00,312240.06,0.00,0.00,f,GOLD,f,1,t,2026-08-25,17,SILVER,LOW
ACC_000041,CUST_00025,SALARY,ACTIVE,INR,2017-11-05,,BR141,Kolkata,878713.00,1012785.10,0.00,0.00,f,GOLD,f,2,t,2026-09-19,16,GOLD,HIGH
ACC_000042,CUST_00026,NRE,ACTIVE,INR,2024-12-17,,BR100,Kolkata,64420.00,74302.52,0.00,0.00,f,GOLD,f,1,t,2026-08-22,16,GOLD,HIGH
ACC_000043,CUST_00026,NRE,ACTIVE,INR,2024-12-17,,BR170,Kolkata,797678.00,850543.79,0.00,0.00,f,GOLD,f,2,t,2026-09-06,22,SILVER,HIGH
ACC_000044,CUST_00027,SALARY,ACTIVE,INR,2016-11-17,,BR184,Kolkata,325418.00,294447.96,0.00,0.00,f,CLASSIC,f,2,t,2026-09-19,13,GOLD,LOW
ACC_000045,CUST_00028,NRE,ACTIVE,INR,2017-06-21,,BR172,Pune,64939.00,74532.31,0.00,0.00,f,CLASSIC,f,2,t,2026-09-01,22,SILVER,LOW
ACC_000046,CUST_00028,SALARY,ACTIVE,INR,2017-06-21,,BR111,Pune,537017.00,609794.32,0.00,0.00,f,CLASSIC,f,1,t,2026-08-28,20,GOLD,LOW
ACC_000047,CUST_00029,SALARY,ACTIVE,INR,2015-10-17,,BR181,Delhi,782309.00,834342.54,0.00,0.00,f,CLASSIC,f,1,t,2026-09-10,17,SILVER,HIGH
ACC_000048,CUST_00029,SALARY,ACTIVE,INR,2015-10-17,,BR154,Delhi,528736.00,506005.80,0.00,0.00,f,GOLD,f,2,t,2026-09-05,8,SILVER,HIGH
ACC_000049,CUST_00030,SAVINGS,ACTIVE,INR,2022-08-14,,BR192,Chennai,760358.00,889270.20,0.00,0.00,f,GOLD,f,2,t,2026-09-03,29,GOLD,LOW
ACC_000050,CUST_00030,SAVINGS,ACTIVE,INR,2022-08-14,,BR147,Chennai,554092.00,623438.98,0.00,0.00,f,CLASSIC,f,2,t,2026-09-07,22,SILVER,LOW
ACC_000051,CUST_00031,SALARY,ACTIVE,INR,2016-04-26,,BR137,Delhi,338164.00,368422.47,0.00,0.00,f,GOLD,f,2,t,2026-09-06,15,GOLD,LOW
ACC_000052,CUST_00032,CURRENT,ACTIVE,INR,2024-05-24,,BR178,Mumbai,100676.00,100077.17,0.00,0.00,f,GOLD,f,1,t,2026-09-09,29,GOLD,MEDIUM
ACC_000053,CUST_00033,CURRENT,ACTIVE,INR,2016-11-04,,BR173,Delhi,259561.00,284924.01,0.00,0.00,f,CLASSIC,f,1,t,2026-08-26,30,GOLD,LOW
ACC_000054,CUST_00034,CURRENT,ACTIVE,INR,2021-11-03,,BR115,Bengaluru,444493.00,381253.48,0.00,0.00,f,CLASSIC,f,3,t,2026-09-18,29,GOLD,LOW
ACC_000055,CUST_00034,SAVINGS,ACTIVE,INR,2021-11-03,,BR102,Bengaluru,557294.00,608095.33,0.00,0.00,f,CLASSIC,f,2,t,2026-09-15,31,GOLD,LOW
ACC_000056,CUST_00035,SAVINGS,ACTIVE,INR,2021-09-23,,BR191,Mumbai,526525.00,463662.69,0.00,0.00,f,GOLD,f,3,t,2026-09-13,18,GOLD,LOW
ACC_000057,CUST_00036,NRE,ACTIVE,INR,2019-01-26,,BR123,Kolkata,571277.00,555758.24,0.00,0.00,f,CLASSIC,f,3,t,2026-08-29,30,SILVER,MEDIUM
ACC_000058,CUST_00036,SALARY,ACTIVE,INR,2019-01-26,,BR196,Kolkata,769908.00,881548.50,0.00,0.00,f,CLASSIC,f,2,t,2026-09-16,25,SILVER,MEDIUM
ACC_000059,CUST_00037,SALARY,ACTIVE,INR,2021-08-24,,BR129,Delhi,231269.00,230937.05,0.00,0.00,f,CLASSIC,f,2,t,2026-09-03,10,SILVER,LOW
ACC_000060,CUST_00038,SALARY,ACTIVE,INR,2016-11-27,,BR134,Mumbai,475099.00,498127.75,0.00,0.00,t,CLASSIC,f,1,t,2026-09-06,16,GOLD,HIGH
ACC_000061,CUST_00038,SALARY,ACTIVE,INR,2016-11-27,,BR116,Mumbai,819957.00,748157.40,0.00,0.00,f,GOLD,f,2,t,2026-09-12,14,GOLD,HIGH
ACC_000062,CUST_00039,CURRENT,ACTIVE,INR,2022-04-03,,BR117,Pune,659577.00,719108.49,0.00,0.00,f,GOLD,f,2,t,2026-09-12,27,GOLD,LOW
ACC_000063,CUST_00039,SALARY,ACTIVE,INR,2022-04-03,,BR170,Pune,673811.00,775494.04,0.00,0.00,f,GOLD,f,2,t,2026-08-27,22,GOLD,LOW
ACC_000064,CUST_00040,SALARY,ACTIVE,INR,2018-03-17,,BR167,Bengaluru,27561.00,32589.74,0.00,0.00,f,GOLD,f,1,t,2026-08-26,23,GOLD,LOW
ACC_000065,CUST_00041,CURRENT,ACTIVE,INR,2015-12-18,,BR166,Bengaluru,514345.00,501475.30,0.00,0.00,f,CLASSIC,f,1,t,2026-08-30,11,GOLD,MEDIUM
ACC_000066,CUST_00041,CURRENT,ACTIVE,INR,2015-12-18,,BR198,Bengaluru,219681.00,249998.54,0.00,0.00,f,GOLD,f,2,t,2026-09-18,12,GOLD,MEDIUM
ACC_000067,CUST_00042,SALARY,ACTIVE,INR,2021-11-27,,BR165,Mumbai,254742.00,205531.00,0.00,0.00,f,CLASSIC,f,1,t,2026-09-18,12,GOLD,LOW
ACC_000068,CUST_00042,NRE,ACTIVE,INR,2021-11-27,,BR170,Mumbai,267205.00,286600.86,0.00,0.00,t,GOLD,f,3,t,2026-08-22,18,GOLD,LOW
ACC_000069,CUST_00043,SAVINGS,ACTIVE,INR,2021-01-24,,BR130,Gurugram,276259.00,321111.38,0.00,0.00,f,GOLD,f,2,t,2026-08-30,10,GOLD,LOW
ACC_000070,CUST_00043,SALARY,ACTIVE,INR,2021-01-24,,BR170,Gurugram,366886.00,421807.40,0.00,0.00,t,CLASSIC,f,1,t,2026-08-22,18,GOLD,LOW
ACC_000071,CUST_00044,CURRENT,ACTIVE,INR,2021-05-10,,BR104,Hyderabad,611467.00,710903.84,0.00,0.00,f,CLASSIC,f,1,t,2026-09-19,14,SILVER,LOW
ACC_000072,CUST_00044,SAVINGS,ACTIVE,INR,2021-05-10,,BR146,Hyderabad,385367.00,352470.83,0.00,0.00,f,GOLD,f,1,t,2026-08-31,24,SILVER,LOW
ACC_000073,CUST_00045,SALARY,ACTIVE,INR,2019-11-11,,BR100,Delhi,386969.00,461724.07,0.00,0.00,f,CLASSIC,f,3,t,2026-09-14,17,GOLD,HIGH
ACC_000074,CUST_00045,CURRENT,ACTIVE,INR,2019-11-11,,BR108,Delhi,722099.00,809244.50,0.00,0.00,f,CLASSIC,f,3,t,2026-08-22,15,SILVER,HIGH
ACC_000075,CUST_00046,SALARY,ACTIVE,INR,2017-08-15,,BR194,Kolkata,859518.00,991222.98,0.00,0.00,f,GOLD,f,1,t,2026-08-25,23,SILVER,LOW
ACC_000076,CUST_00047,SAVINGS,ACTIVE,INR,2017-09-04,,BR178,Kolkata,10302.00,9100.32,0.00,0.00,f,CLASSIC,f,2,t,2026-08-27,14,SILVER,LOW
ACC_000077,CUST_00047,CURRENT,ACTIVE,INR,2017-09-04,,BR196,Kolkata,818430.00,822743.03,0.00,0.00,f,GOLD,f,2,t,2026-09-01,10,GOLD,LOW
ACC_000078,CUST_00048,CURRENT,ACTIVE,INR,2023-12-16,,BR171,Mumbai,170589.00,203156.13,0.00,0.00,f,CLASSIC,f,1,t,2026-09-09,22,GOLD,MEDIUM
ACC_000079,CUST_00049,SALARY,ACTIVE,INR,2023-03-12,,BR123,Kolkata,195416.00,226111.74,0.00,0.00,f,CLASSIC,f,3,t,2026-08-29,27,GOLD,LOW
ACC_000080,CUST_00050,CURRENT,ACTIVE,INR,2017-01-09,,BR156,Bengaluru,139699.00,126948.28,0.00,0.00,t,CLASSIC,f,1,t,2026-09-17,14,GOLD,HIGH
ACC_000081,CUST_00051,SAVINGS,ACTIVE,INR,2016-01-14,,BR132,Pune,543902.00,473937.39,0.00,0.00,t,CLASSIC,f,3,t,2026-08-29,29,GOLD,LOW
ACC_000082,CUST_00052,SAVINGS,ACTIVE,INR,2019-04-06,,BR180,Kolkata,76800.00,80747.72,0.00,0.00,t,GOLD,f,1,t,2026-09-19,24,SILVER,LOW
ACC_000083,CUST_00053,SAVINGS,ACTIVE,INR,2023-04-18,,BR177,Hyderabad,501686.00,467632.75,0.00,0.00,f,GOLD,f,2,t,2026-09-19,26,SILVER,MEDIUM
ACC_000084,CUST_00054,CURRENT,ACTIVE,INR,2022-09-16,,BR165,Bengaluru,258017.00,206905.29,0.00,0.00,f,CLASSIC,f,3,t,2026-09-03,23,GOLD,LOW
ACC_000085,CUST_00055,SALARY,ACTIVE,INR,2015-02-07,,BR105,Hyderabad,882278.00,771690.99,0.00,0.00,f,CLASSIC,f,2,t,2026-09-08,16,SILVER,LOW
ACC_000086,CUST_00055,NRE,ACTIVE,INR,2015-02-07,,BR140,Hyderabad,902630.00,760595.10,0.00,0.00,f,GOLD,f,3,t,2026-08-23,12,SILVER,LOW
ACC_000087,CUST_00056,NRE,ACTIVE,INR,2015-02-26,,BR197,Gurugram,95400.00,102346.95,0.00,0.00,t,GOLD,f,2,t,2026-08-25,18,SILVER,MEDIUM
ACC_000088,CUST_00057,CURRENT,ACTIVE,INR,2019-04-08,,BR154,Kolkata,474584.00,396796.89,0.00,0.00,f,CLASSIC,f,2,t,2026-08-25,12,SILVER,MEDIUM
ACC_000089,CUST_00057,SALARY,ACTIVE,INR,2019-04-08,,BR141,Kolkata,808073.00,752151.79,0.00,0.00,f,GOLD,f,2,t,2026-08-24,31,SILVER,MEDIUM
ACC_000090,CUST_00058,CURRENT,ACTIVE,INR,2016-10-07,,BR164,Bengaluru,150918.00,157045.75,0.00,0.00,t,CLASSIC,f,1,t,2026-08-31,8,SILVER,LOW
ACC_000091,CUST_00059,SAVINGS,ACTIVE,INR,2016-12-06,,BR173,Mumbai,674423.00,612380.08,0.00,0.00,t,CLASSIC,f,2,t,2026-09-13,30,SILVER,HIGH
ACC_000092,CUST_00059,SALARY,ACTIVE,INR,2016-12-06,,BR170,Mumbai,769789.00,779445.40,0.00,0.00,f,GOLD,f,3,t,2026-08-27,21,SILVER,HIGH
ACC_000093,CUST_00060,CURRENT,ACTIVE,INR,2022-02-09,,BR115,Kolkata,406477.00,343696.43,0.00,0.00,f,CLASSIC,f,2,t,2026-09-05,21,GOLD,LOW
ACC_000094,CUST_00061,CURRENT,ACTIVE,INR,2015-03-02,,BR100,Bengaluru,482517.00,572658.00,0.00,0.00,f,GOLD,f,1,t,2026-09-05,22,SILVER,HIGH
ACC_000095,CUST_00061,SAVINGS,ACTIVE,INR,2015-03-02,,BR193,Bengaluru,28727.00,31914.31,0.00,0.00,f,GOLD,f,3,t,2026-08-28,30,SILVER,HIGH
ACC_000096,CUST_00062,SALARY,ACTIVE,INR,2023-10-14,,BR147,Mumbai,457319.00,500956.51,0.00,0.00,t,CLASSIC,f,3,t,2026-08-22,23,GOLD,MEDIUM
ACC_000097,CUST_00063,SALARY,ACTIVE,INR,2021-06-05,,BR194,Delhi,134986.00,146046.23,0.00,0.00,f,GOLD,f,2,t,2026-09-03,11,SILVER,LOW
ACC_000098,CUST_00063,SAVINGS,ACTIVE,INR,2021-06-05,,BR191,Delhi,213505.00,210942.83,0.00,0.00,f,GOLD,f,3,t,2026-08-25,20,SILVER,LOW
ACC_000099,CUST_00064,SAVINGS,ACTIVE,INR,2021-09-21,,BR162,Mumbai,487984.00,499216.26,0.00,0.00,f,GOLD,f,1,t,2026-09-04,17,SILVER,LOW
ACC_000100,CUST_00064,SALARY,ACTIVE,INR,2021-09-21,,BR127,Mumbai,819449.00,933838.64,0.00,0.00,t,CLASSIC,f,1,t,2026-09-16,24,SILVER,LOW
ACC_000101,CUST_00065,NRE,ACTIVE,INR,2024-02-13,,BR112,Pune,508961.00,432627.30,0.00,0.00,f,CLASSIC,f,1,t,2026-09-11,17,GOLD,LOW
ACC_000102,CUST_00066,CURRENT,ACTIVE,INR,2020-08-13,,BR109,Bengaluru,878199.00,827236.36,0.00,0.00,t,GOLD,f,1,t,2026-08-28,31,SILVER,LOW
ACC_000103,CUST_00067,NRE,ACTIVE,INR,2021-10-24,,BR152,Bengaluru,192015.00,155156.33,0.00,0.00,t,GOLD,f,3,t,2026-09-14,25,SILVER,LOW
ACC_000104,CUST_00068,SALARY,ACTIVE,INR,2021-09-06,,BR126,Kolkata,28739.00,33374.34,0.00,0.00,f,GOLD,f,1,t,2026-08-21,31,GOLD,LOW
ACC_000105,CUST_00069,SAVINGS,ACTIVE,INR,2018-12-25,,BR176,Mumbai,243774.00,201363.65,0.00,0.00,f,CLASSIC,f,2,t,2026-09-16,20,GOLD,LOW
ACC_000106,CUST_00070,SAVINGS,ACTIVE,INR,2017-08-06,,BR120,Gurugram,231646.00,185477.57,0.00,0.00,f,CLASSIC,f,3,t,2026-09-12,8,SILVER,LOW
ACC_000107,CUST_00070,NRE,ACTIVE,INR,2017-08-06,,BR175,Gurugram,467765.00,400500.12,0.00,0.00,f,GOLD,f,2,t,2026-08-23,21,SILVER,LOW
ACC_000108,CUST_00071,CURRENT,ACTIVE,INR,2015-10-03,,BR132,Kolkata,114424.00,118795.52,0.00,0.00,f,CLASSIC,f,2,t,2026-09-11,9,SILVER,MEDIUM
ACC_000109,CUST_00072,CURRENT,ACTIVE,INR,2019-03-09,,BR140,Mumbai,716291.00,676816.06,0.00,0.00,f,GOLD,f,2,t,2026-09-17,20,SILVER,LOW
ACC_000110,CUST_00072,CURRENT,ACTIVE,INR,2019-03-09,,BR193,Mumbai,41094.00,39471.42,0.00,0.00,f,GOLD,f,1,t,2026-09-06,24,GOLD,LOW
ACC_000111,CUST_00073,SAVINGS,ACTIVE,INR,2023-06-18,,BR130,Kolkata,421110.00,479217.33,0.00,0.00,t,GOLD,f,2,t,2026-09-12,16,GOLD,MEDIUM
ACC_000112,CUST_00074,SALARY,ACTIVE,INR,2017-10-19,,BR119,Hyderabad,276315.00,291645.40,0.00,0.00,f,GOLD,f,3,t,2026-08-28,8,GOLD,LOW
ACC_000113,CUST_00075,SAVINGS,ACTIVE,INR,2016-03-23,,BR190,Hyderabad,761877.00,905676.90,0.00,0.00,f,CLASSIC,f,3,t,2026-08-29,8,GOLD,MEDIUM
ACC_000114,CUST_00076,SAVINGS,ACTIVE,INR,2018-01-19,,BR197,Mumbai,869780.00,835085.55,0.00,0.00,t,CLASSIC,f,2,t,2026-09-09,11,SILVER,LOW
ACC_000115,CUST_00077,SAVINGS,ACTIVE,INR,2019-08-09,,BR175,Kolkata,750815.00,738185.74,0.00,0.00,t,CLASSIC,f,1,t,2026-08-21,16,SILVER,LOW
ACC_000116,CUST_00077,NRE,ACTIVE,INR,2019-08-09,,BR142,Kolkata,469706.00,444185.63,0.00,0.00,f,GOLD,f,2,t,2026-09-16,22,GOLD,LOW
ACC_000117,CUST_00078,SAVINGS,ACTIVE,INR,2018-02-04,,BR114,Bengaluru,356941.00,413277.63,0.00,0.00,f,CLASSIC,f,3,t,2026-08-27,8,GOLD,LOW
ACC_000118,CUST_00078,CURRENT,ACTIVE,INR,2018-02-04,,BR139,Bengaluru,293715.00,301829.45,0.00,0.00,f,CLASSIC,f,3,t,2026-09-11,14,SILVER,LOW
ACC_000119,CUST_00079,NRE,ACTIVE,INR,2016-09-15,,BR166,Pune,188614.00,195713.66,0.00,0.00,f,CLASSIC,f,3,t,2026-09-03,20,SILVER,MEDIUM
ACC_000120,CUST_00080,SALARY,ACTIVE,INR,2021-05-24,,BR162,Pune,59336.00,56823.32,0.00,0.00,f,GOLD,f,3,t,2026-09-17,20,SILVER,LOW
ACC_000121,CUST_00080,SAVINGS,ACTIVE,INR,2021-05-24,,BR183,Pune,800077.00,772809.78,0.00,0.00,f,CLASSIC,f,2,t,2026-09-10,31,SILVER,LOW
ACC_000122,CUST_00081,CURRENT,ACTIVE,INR,2023-11-14,,BR191,Kolkata,735340.00,879910.49,0.00,0.00,f,GOLD,f,3,t,2026-09-16,15,GOLD,MEDIUM
ACC_000123,CUST_00082,CURRENT,ACTIVE,INR,2015-02-28,,BR107,Kolkata,901564.00,796106.18,0.00,0.00,f,GOLD,f,2,t,2026-09-04,11,GOLD,LOW
ACC_000124,CUST_00082,NRE,ACTIVE,INR,2015-02-28,,BR114,Kolkata,517461.00,570453.65,0.00,0.00,f,GOLD,f,3,t,2026-09-19,10,GOLD,LOW
ACC_000125,CUST_00083,NRE,ACTIVE,INR,2024-07-20,,BR191,Bengaluru,460868.00,510898.24,0.00,0.00,f,CLASSIC,f,2,t,2026-08-27,23,GOLD,LOW
ACC_000126,CUST_00084,CURRENT,ACTIVE,INR,2022-09-19,,BR188,Pune,769883.00,888170.80,0.00,0.00,t,GOLD,f,2,t,2026-08-25,10,SILVER,LOW
ACC_000127,CUST_00085,SAVINGS,ACTIVE,INR,2015-02-24,,BR104,Mumbai,788169.00,746468.43,0.00,0.00,f,GOLD,f,1,t,2026-09-12,26,GOLD,MEDIUM
ACC_000128,CUST_00086,NRE,ACTIVE,INR,2019-11-22,,BR109,Delhi,246430.00,291813.58,0.00,0.00,f,GOLD,f,3,t,2026-08-31,9,SILVER,LOW
ACC_000129,CUST_00087,CURRENT,ACTIVE,INR,2018-09-27,,BR191,Bengaluru,123604.00,144508.09,0.00,0.00,f,GOLD,f,3,t,2026-09-12,29,SILVER,LOW
ACC_000130,CUST_00088,SALARY,ACTIVE,INR,2017-01-03,,BR125,Bengaluru,798514.00,803567.63,0.00,0.00,f,CLASSIC,f,3,t,2026-09-05,20,GOLD,LOW
ACC_000131,CUST_00088,CURRENT,ACTIVE,INR,2017-01-03,,BR150,Bengaluru,500618.00,463320.76,0.00,0.00,f,CLASSIC,f,1,t,2026-08-28,28,SILVER,LOW
ACC_000132,CUST_00089,SAVINGS,ACTIVE,INR,2024-08-24,,BR168,Mumbai,613106.00,581332.82,0.00,0.00,f,CLASSIC,f,2,t,2026-09-10,29,SILVER,MEDIUM
ACC_000133,CUST_00090,CURRENT,ACTIVE,INR,2024-06-24,,BR156,Delhi,313293.00,357987.69,0.00,0.00,f,GOLD,f,3,t,2026-08-27,19,SILVER,MEDIUM
ACC_000134,CUST_00090,SAVINGS,ACTIVE,INR,2024-06-24,,BR110,Delhi,550916.00,563338.03,0.00,0.00,f,CLASSIC,f,1,t,2026-08-25,8,GOLD,MEDIUM
ACC_000135,CUST_00091,SAVINGS,ACTIVE,INR,2021-09-22,,BR116,Chennai,197245.00,209697.77,0.00,0.00,f,GOLD,f,3,t,2026-08-27,14,GOLD,LOW
ACC_000136,CUST_00091,NRE,ACTIVE,INR,2021-09-22,,BR157,Chennai,669359.00,767693.42,0.00,0.00,f,GOLD,f,3,t,2026-09-13,25,SILVER,LOW
ACC_000137,CUST_00092,SALARY,ACTIVE,INR,2017-07-05,,BR182,Mumbai,402304.00,350155.97,0.00,0.00,f,GOLD,f,3,t,2026-09-12,32,SILVER,MEDIUM
ACC_000138,CUST_00092,SAVINGS,ACTIVE,INR,2017-07-05,,BR142,Mumbai,777929.00,723837.85,0.00,0.00,t,GOLD,f,2,t,2026-09-13,21,SILVER,MEDIUM
ACC_000139,CUST_00093,NRE,ACTIVE,INR,2023-03-01,,BR195,Gurugram,825696.00,695234.56,0.00,0.00,f,CLASSIC,f,1,t,2026-09-19,12,SILVER,LOW
ACC_000140,CUST_00094,CURRENT,ACTIVE,INR,2023-06-08,,BR131,Kolkata,338519.00,375991.21,0.00,0.00,f,GOLD,f,2,t,2026-09-02,14,SILVER,LOW
ACC_000141,CUST_00095,CURRENT,ACTIVE,INR,2019-08-05,,BR185,Gurugram,669825.00,632872.69,0.00,0.00,f,GOLD,f,3,t,2026-08-30,16,SILVER,LOW
ACC_000142,CUST_00095,NRE,ACTIVE,INR,2019-08-05,,BR135,Gurugram,686590.00,781247.94,0.00,0.00,f,GOLD,f,2,t,2026-09-13,32,SILVER,LOW
ACC_000143,CUST_00096,NRE,ACTIVE,INR,2023-04-23,,BR136,Pune,598171.00,491747.26,0.00,0.00,f,GOLD,f,2,t,2026-08-21,22,SILVER,LOW
ACC_000144,CUST_00097,SALARY,ACTIVE,INR,2021-08-11,,BR198,Mumbai,701523.00,836697.54,0.00,0.00,f,GOLD,f,2,t,2026-09-06,16,GOLD,LOW
ACC_000145,CUST_00097,NRE,ACTIVE,INR,2021-08-11,,BR188,Mumbai,131541.00,145926.37,0.00,0.00,f,CLASSIC,f,2,t,2026-09-07,27,SILVER,LOW
ACC_000146,CUST_00098,CURRENT,ACTIVE,INR,2023-11-09,,BR178,Chennai,10676.00,11536.73,0.00,0.00,f,GOLD,f,3,t,2026-08-28,15,SILVER,LOW
ACC_000147,CUST_00099,SALARY,ACTIVE,INR,2021-06-10,,BR188,Gurugram,409817.00,383694.31,0.00,0.00,f,CLASSIC,f,3,t,2026-09-19,30,SILVER,LOW
ACC_000148,CUST_00099,CURRENT,ACTIVE,INR,2021-06-10,,BR139,Gurugram,829936.00,760489.66,0.00,0.00,f,GOLD,f,1,t,2026-09-06,21,GOLD,LOW
ACC_000149,CUST_00100,NRE,ACTIVE,INR,2021-08-18,,BR163,Gurugram,771866.00,645713.74,0.00,0.00,f,GOLD,f,2,t,2026-09-15,8,SILVER,LOW
ACC_000150,CUST_00100,SAVINGS,ACTIVE,INR,2021-08-18,,BR160,Gurugram,760586.00,658071.04,0.00,0.00,f,GOLD,f,1,t,2026-09-16,20,GOLD,LOW
ACC_000151,CUST_00101,SAVINGS,ACTIVE,INR,2020-03-02,,BR153,Kolkata,881306.00,950776.92,0.00,0.00,f,GOLD,f,2,t,2026-09-07,8,SILVER,LOW
ACC_000152,CUST_00101,SALARY,ACTIVE,INR,2020-03-02,,BR116,Kolkata,770655.00,682328.02,0.00,0.00,f,CLASSIC,f,3,t,2026-08-31,14,GOLD,LOW
ACC_000153,CUST_00102,NRE,ACTIVE,INR,2020-12-16,,BR140,Bengaluru,43732.00,49670.91,0.00,0.00,f,GOLD,f,2,t,2026-09-18,30,GOLD,LOW
ACC_000154,CUST_00103,NRE,ACTIVE,INR,2018-10-23,,BR167,Pune,762654.00,788423.46,0.00,0.00,t,CLASSIC,f,2,t,2026-09-03,18,GOLD,MEDIUM
ACC_000155,CUST_00103,CURRENT,ACTIVE,INR,2018-10-23,,BR176,Pune,313619.00,251670.40,0.00,0.00,f,GOLD,f,1,t,2026-08-28,18,SILVER,MEDIUM
ACC_000156,CUST_00104,CURRENT,ACTIVE,INR,2024-01-14,,BR127,Hyderabad,493835.00,542073.72,0.00,0.00,f,CLASSIC,f,2,t,2026-09-10,23,SILVER,MEDIUM
ACC_000157,CUST_00104,NRE,ACTIVE,INR,2024-01-14,,BR167,Hyderabad,345916.00,316708.66,0.00,0.00,t,CLASSIC,f,2,t,2026-09-07,31,GOLD,MEDIUM
ACC_000158,CUST_00105,SAVINGS,ACTIVE,INR,2020-10-16,,BR149,Mumbai,386391.00,425484.28,0.00,0.00,t,GOLD,f,1,t,2026-09-07,9,SILVER,LOW
ACC_000159,CUST_00105,CURRENT,ACTIVE,INR,2020-10-16,,BR142,Mumbai,36546.00,29978.27,0.00,0.00,f,CLASSIC,f,2,t,2026-08-22,17,SILVER,LOW
ACC_000160,CUST_00106,CURRENT,ACTIVE,INR,2023-04-09,,BR122,Hyderabad,708989.00,646272.47,0.00,0.00,f,CLASSIC,f,1,t,2026-08-29,14,SILVER,LOW
ACC_000161,CUST_00106,SALARY,ACTIVE,INR,2023-04-09,,BR112,Hyderabad,877781.00,852329.88,0.00,0.00,f,GOLD,f,3,t,2026-09-14,10,SILVER,LOW
ACC_000162,CUST_00107,NRE,ACTIVE,INR,2018-03-20,,BR189,Hyderabad,252307.00,270866.49,0.00,0.00,f,GOLD,f,2,t,2026-09-15,22,GOLD,LOW
ACC_000163,CUST_00107,SALARY,ACTIVE,INR,2018-03-20,,BR198,Hyderabad,396404.00,454942.31,0.00,0.00,f,GOLD,f,1,t,2026-09-10,13,GOLD,LOW
ACC_000164,CUST_00108,NRE,ACTIVE,INR,2019-10-11,,BR104,Pune,270233.00,304889.40,0.00,0.00,f,GOLD,f,2,t,2026-08-26,24,SILVER,MEDIUM
ACC_000165,CUST_00108,SALARY,ACTIVE,INR,2019-10-11,,BR187,Pune,641939.00,668827.51,0.00,0.00,t,CLASSIC,f,1,t,2026-09-05,25,SILVER,MEDIUM
ACC_000166,CUST_00109,NRE,ACTIVE,INR,2018-03-12,,BR101,Chennai,426729.00,510588.80,0.00,0.00,f,CLASSIC,f,1,t,2026-08-21,16,SILVER,LOW
ACC_000167,CUST_00109,SALARY,ACTIVE,INR,2018-03-12,,BR195,Chennai,175425.00,187896.45,0.00,0.00,t,CLASSIC,f,1,t,2026-09-12,10,SILVER,LOW
ACC_000168,CUST_00110,NRE,ACTIVE,INR,2016-06-23,,BR174,Kolkata,474345.00,458382.17,0.00,0.00,f,GOLD,f,2,t,2026-09-16,32,SILVER,HIGH
ACC_000169,CUST_00110,SALARY,ACTIVE,INR,2016-06-23,,BR117,Kolkata,44843.00,40130.85,0.00,0.00,f,CLASSIC,f,2,t,2026-09-09,24,GOLD,HIGH
ACC_000170,CUST_00111,NRE,ACTIVE,INR,2017-04-23,,BR191,Kolkata,419599.00,364418.16,0.00,0.00,f,CLASSIC,f,3,t,2026-09-04,23,GOLD,LOW
ACC_000171,CUST_00112,SALARY,ACTIVE,INR,2024-09-11,,BR130,Hyderabad,876438.00,964352.38,0.00,0.00,t,CLASSIC,f,3,t,2026-09-06,21,SILVER,MEDIUM
ACC_000172,CUST_00112,NRE,ACTIVE,INR,2024-09-11,,BR119,Hyderabad,578918.00,655985.11,0.00,0.00,f,GOLD,f,1,t,2026-09-14,21,GOLD,MEDIUM
ACC_000173,CUST_00113,CURRENT,ACTIVE,INR,2023-05-22,,BR172,Gurugram,641737.00,597738.36,0.00,0.00,f,GOLD,f,3,t,2026-08-26,31,SILVER,LOW
ACC_000174,CUST_00114,NRE,ACTIVE,INR,2016-12-09,,BR190,Chennai,256819.00,291128.73,0.00,0.00,f,GOLD,f,3,t,2026-08-29,18,SILVER,MEDIUM
ACC_000175,CUST_00114,NRE,ACTIVE,INR,2016-12-09,,BR142,Chennai,677877.00,703166.24,0.00,0.00,t,GOLD,f,2,t,2026-08-31,11,GOLD,MEDIUM
ACC_000176,CUST_00115,SAVINGS,ACTIVE,INR,2024-06-07,,BR198,Bengaluru,66325.00,59167.14,0.00,0.00,f,GOLD,f,3,t,2026-09-02,25,SILVER,MEDIUM
ACC_000177,CUST_00115,NRE,ACTIVE,INR,2024-06-07,,BR106,Bengaluru,804067.00,713644.53,0.00,0.00,f,CLASSIC,f,2,t,2026-08-26,11,GOLD,MEDIUM
ACC_000178,CUST_00116,CURRENT,ACTIVE,INR,2021-01-15,,BR156,Kolkata,591156.00,655245.34,0.00,0.00,f,GOLD,f,3,t,2026-09-04,14,SILVER,LOW
ACC_000179,CUST_00117,CURRENT,ACTIVE,INR,2022-08-25,,BR120,Bengaluru,219092.00,237650.26,0.00,0.00,f,CLASSIC,f,2,t,2026-08-26,22,GOLD,LOW
ACC_000180,CUST_00118,NRE,ACTIVE,INR,2020-12-21,,BR128,Chennai,824186.00,960224.36,0.00,0.00,f,GOLD,f,2,t,2026-09-16,30,GOLD,LOW
ACC_000181,CUST_00119,NRE,ACTIVE,INR,2018-10-12,,BR183,Delhi,902806.00,878920.32,0.00,0.00,f,CLASSIC,f,2,t,2026-09-01,14,SILVER,HIGH
ACC_000182,CUST_00119,NRE,ACTIVE,INR,2018-10-12,,BR174,Delhi,817229.00,771992.58,0.00,0.00,f,CLASSIC,f,1,t,2026-09-17,8,GOLD,HIGH
ACC_000183,CUST_00120,NRE,ACTIVE,INR,2018-05-19,,BR116,Gurugram,697879.00,786204.23,0.00,0.00,f,GOLD,f,3,t,2026-08-30,24,SILVER,LOW
ACC_000184,CUST_00121,NRE,ACTIVE,INR,2019-09-08,,BR120,Hyderabad,735008.00,798096.96,0.00,0.00,f,GOLD,f,2,t,2026-09-02,23,GOLD,MEDIUM
ACC_000185,CUST_00122,SALARY,ACTIVE,INR,2024-10-11,,BR124,Delhi,143746.00,129454.73,0.00,0.00,f,CLASSIC,f,2,t,2026-09-01,21,GOLD,LOW
ACC_000186,CUST_00123,NRE,ACTIVE,INR,2021-04-05,,BR117,Chennai,241926.00,202818.62,0.00,0.00,f,CLASSIC,f,1,t,2026-09-05,16,SILVER,MEDIUM
ACC_000187,CUST_00123,SAVINGS,ACTIVE,INR,2021-04-05,,BR193,Chennai,397862.00,352191.66,0.00,0.00,f,CLASSIC,f,1,t,2026-08-28,23,GOLD,MEDIUM
ACC_000188,CUST_00124,SALARY,ACTIVE,INR,2020-10-18,,BR151,Kolkata,518080.00,570171.29,0.00,0.00,f,CLASSIC,f,1,t,2026-09-01,27,GOLD,MEDIUM
ACC_000189,CUST_00125,CURRENT,ACTIVE,INR,2017-05-22,,BR110,Gurugram,304358.00,362838.43,0.00,0.00,f,CLASSIC,f,3,t,2026-09-13,32,SILVER,MEDIUM
ACC_000190,CUST_00125,CURRENT,ACTIVE,INR,2017-05-22,,BR165,Gurugram,799819.00,847023.45,0.00,0.00,t,GOLD,f,3,t,2026-09-14,22,SILVER,MEDIUM
ACC_000191,CUST_00126,SAVINGS,ACTIVE,INR,2019-10-13,,BR195,Pune,497564.00,495666.29,0.00,0.00,f,CLASSIC,f,1,t,2026-08-30,15,GOLD,LOW
ACC_000192,CUST_00126,CURRENT,ACTIVE,INR,2019-10-13,,BR117,Pune,98565.00,79660.34,0.00,0.00,f,GOLD,f,3,t,2026-08-29,14,GOLD,LOW
ACC_000193,CUST_00127,SALARY,ACTIVE,INR,2015-06-21,,BR123,Pune,373510.00,310115.11,0.00,0.00,t,CLASSIC,f,1,t,2026-09-04,14,SILVER,LOW
ACC_000194,CUST_00128,NRE,ACTIVE,INR,2018-07-05,,BR141,Pune,758695.00,838186.26,0.00,0.00,t,GOLD,f,3,t,2026-09-17,27,SILVER,LOW
ACC_000195,CUST_00128,SALARY,ACTIVE,INR,2018-07-05,,BR117,Pune,757746.00,788720.75,0.00,0.00,f,GOLD,f,1,t,2026-09-09,32,SILVER,LOW
ACC_000196,CUST_00129,SAVINGS,ACTIVE,INR,2015-07-12,,BR144,Pune,517442.00,426828.73,0.00,0.00,f,GOLD,f,1,t,2026-09-09,28,SILVER,HIGH
ACC_000197,CUST_00129,SALARY,ACTIVE,INR,2015-07-12,,BR126,Pune,702304.00,719698.08,0.00,0.00,f,GOLD,f,1,t,2026-09-15,30,SILVER,HIGH
ACC_000198,CUST_00130,SALARY,ACTIVE,INR,2022-10-06,,BR117,Hyderabad,715746.00,786868.05,0.00,0.00,f,GOLD,f,2,t,2026-08-21,29,GOLD,MEDIUM
ACC_000199,CUST_00131,CURRENT,ACTIVE,INR,2023-08-28,,BR137,Bengaluru,99625.00,102618.66,0.00,0.00,t,GOLD,f,2,t,2026-09-01,24,SILVER,MEDIUM
ACC_000200,CUST_00131,NRE,ACTIVE,INR,2023-08-28,,BR195,Bengaluru,879562.00,821409.57,0.00,0.00,f,GOLD,f,2,t,2026-08-30,29,GOLD,MEDIUM
ACC_000201,CUST_00132,SAVINGS,ACTIVE,INR,2018-03-10,,BR188,Mumbai,486060.00,514968.45,0.00,0.00,f,GOLD,f,3,t,2026-08-24,28,SILVER,MEDIUM
ACC_000202,CUST_00132,CURRENT,ACTIVE,INR,2018-03-10,,BR112,Mumbai,543617.00,634776.46,0.00,0.00,f,GOLD,f,1,t,2026-09-04,24,SILVER,MEDIUM
ACC_000203,CUST_00133,NRE,ACTIVE,INR,2017-08-05,,BR113,Mumbai,352397.00,378304.09,0.00,0.00,f,GOLD,f,3,t,2026-09-16,8,SILVER,HIGH
ACC_000204,CUST_00134,NRE,ACTIVE,INR,2015-04-12,,BR136,Delhi,288714.00,299292.50,0.00,0.00,f,GOLD,f,2,t,2026-08-27,11,GOLD,MEDIUM
ACC_000205,CUST_00135,SAVINGS,ACTIVE,INR,2021-08-24,,BR110,Hyderabad,537468.00,511424.29,0.00,0.00,f,CLASSIC,f,1,t,2026-08-29,16,GOLD,LOW
ACC_000206,CUST_00136,SALARY,ACTIVE,INR,2024-06-03,,BR190,Gurugram,819888.00,714965.96,0.00,0.00,f,GOLD,f,3,t,2026-08-30,30,SILVER,LOW
ACC_000207,CUST_00137,CURRENT,ACTIVE,INR,2016-02-04,,BR114,Pune,583810.00,551032.13,0.00,0.00,f,GOLD,f,1,t,2026-09-06,19,SILVER,LOW
ACC_000208,CUST_00137,CURRENT,ACTIVE,INR,2016-02-04,,BR194,Pune,411785.00,422535.87,0.00,0.00,t,CLASSIC,f,1,t,2026-09-03,29,SILVER,LOW
ACC_000209,CUST_00138,CURRENT,ACTIVE,INR,2022-03-08,,BR193,Delhi,571930.00,642503.91,0.00,0.00,f,CLASSIC,f,1,t,2026-08-21,27,GOLD,LOW
ACC_000210,CUST_00139,SAVINGS,ACTIVE,INR,2018-09-10,,BR155,Pune,437504.00,473218.11,0.00,0.00,t,CLASSIC,f,2,t,2026-08-28,19,SILVER,MEDIUM
ACC_000211,CUST_00140,SAVINGS,ACTIVE,INR,2018-04-22,,BR137,Gurugram,316033.00,292674.12,0.00,0.00,t,GOLD,f,2,t,2026-09-01,14,GOLD,LOW
ACC_000212,CUST_00140,SALARY,ACTIVE,INR,2018-04-22,,BR182,Gurugram,27250.00,30026.33,0.00,0.00,t,CLASSIC,f,1,t,2026-09-16,30,SILVER,LOW
ACC_000213,CUST_00141,NRE,ACTIVE,INR,2019-03-02,,BR173,Kolkata,25870.00,20865.00,0.00,0.00,t,GOLD,f,2,t,2026-09-14,13,SILVER,LOW
ACC_000214,CUST_00142,NRE,ACTIVE,INR,2022-10-27,,BR198,Bengaluru,375370.00,339308.36,0.00,0.00,f,CLASSIC,f,1,t,2026-09-16,27,SILVER,LOW
ACC_000215,CUST_00143,SAVINGS,ACTIVE,INR,2019-05-21,,BR143,Kolkata,255210.00,213722.15,0.00,0.00,f,CLASSIC,f,3,t,2026-09-02,27,SILVER,HIGH
ACC_000216,CUST_00143,SALARY,ACTIVE,INR,2019-05-21,,BR129,Kolkata,383249.00,374169.41,0.00,0.00,t,GOLD,f,2,t,2026-08-22,30,SILVER,HIGH
ACC_000217,CUST_00144,NRE,ACTIVE,INR,2020-11-15,,BR145,Bengaluru,381056.00,367691.42,0.00,0.00,f,GOLD,f,1,t,2026-09-18,29,SILVER,LOW
ACC_000218,CUST_00145,SAVINGS,ACTIVE,INR,2024-08-01,,BR189,Hyderabad,218003.00,243755.68,0.00,0.00,t,GOLD,f,2,t,2026-09-01,20,SILVER,MEDIUM
ACC_000219,CUST_00145,CURRENT,ACTIVE,INR,2024-08-01,,BR136,Hyderabad,518601.00,514589.84,0.00,0.00,f,GOLD,f,1,t,2026-08-26,21,GOLD,MEDIUM
ACC_000220,CUST_00146,NRE,ACTIVE,INR,2020-12-20,,BR135,Pune,457616.00,502113.02,0.00,0.00,f,CLASSIC,f,2,t,2026-08-21,14,GOLD,LOW
ACC_000221,CUST_00147,CURRENT,ACTIVE,INR,2018-04-18,,BR107,Chennai,713702.00,751186.92,0.00,0.00,t,CLASSIC,f,2,t,2026-09-09,21,GOLD,MEDIUM
ACC_000222,CUST_00148,SAVINGS,ACTIVE,INR,2015-02-12,,BR181,Delhi,696519.00,678498.75,0.00,0.00,f,CLASSIC,f,3,t,2026-09-13,29,GOLD,LOW
ACC_000223,CUST_00149,NRE,ACTIVE,INR,2015-03-27,,BR192,Gurugram,193371.00,190411.20,0.00,0.00,t,CLASSIC,f,2,t,2026-08-22,27,GOLD,LOW
ACC_000224,CUST_00149,NRE,ACTIVE,INR,2015-03-27,,BR146,Gurugram,410348.00,384108.94,0.00,0.00,f,CLASSIC,f,3,t,2026-09-17,26,GOLD,LOW
ACC_000225,CUST_00150,SAVINGS,ACTIVE,INR,2020-07-09,,BR111,Mumbai,229538.00,221937.13,0.00,0.00,t,CLASSIC,f,3,t,2026-09-04,12,GOLD,LOW
ACC_000226,CUST_00151,CURRENT,ACTIVE,INR,2021-10-27,,BR192,Kolkata,149900.00,165900.55,0.00,0.00,f,CLASSIC,f,3,t,2026-09-08,25,SILVER,LOW
ACC_000227,CUST_00152,NRE,ACTIVE,INR,2022-11-19,,BR102,Delhi,310245.00,331086.45,0.00,0.00,f,GOLD,f,2,t,2026-09-01,22,SILVER,LOW
ACC_000228,CUST_00153,CURRENT,ACTIVE,INR,2017-02-18,,BR148,Kolkata,113192.00,121914.55,0.00,0.00,t,GOLD,f,1,t,2026-09-03,13,GOLD,LOW
ACC_000229,CUST_00154,NRE,ACTIVE,INR,2015-11-16,,BR115,Mumbai,796843.00,838266.39,0.00,0.00,f,CLASSIC,f,3,t,2026-09-10,15,SILVER,MEDIUM
ACC_000230,CUST_00154,NRE,ACTIVE,INR,2015-11-16,,BR178,Mumbai,149884.00,140980.20,0.00,0.00,t,CLASSIC,f,2,t,2026-08-21,22,SILVER,MEDIUM
ACC_000231,CUST_00155,SALARY,ACTIVE,INR,2017-09-18,,BR123,Pune,898601.00,912902.46,0.00,0.00,f,CLASSIC,f,1,t,2026-08-31,29,SILVER,LOW
ACC_000232,CUST_00156,SAVINGS,ACTIVE,INR,2022-05-27,,BR185,Pune,609489.00,567036.93,0.00,0.00,t,CLASSIC,f,3,t,2026-09-18,20,GOLD,MEDIUM
ACC_000233,CUST_00156,SAVINGS,ACTIVE,INR,2022-05-27,,BR192,Pune,521828.00,554320.79,0.00,0.00,t,CLASSIC,f,3,t,2026-08-23,19,GOLD,MEDIUM
ACC_000234,CUST_00157,NRE,ACTIVE,INR,2015-10-25,,BR147,Chennai,290867.00,291048.32,0.00,0.00,f,GOLD,f,1,t,2026-09-18,13,GOLD,LOW
ACC_000235,CUST_00158,SAVINGS,ACTIVE,INR,2019-02-12,,BR130,Bengaluru,441619.00,435551.76,0.00,0.00,f,GOLD,f,3,t,2026-09-06,29,SILVER,LOW
ACC_000236,CUST_00158,NRE,ACTIVE,INR,2019-02-12,,BR152,Bengaluru,767219.00,834530.84,0.00,0.00,t,GOLD,f,2,t,2026-09-07,19,GOLD,LOW
ACC_000237,CUST_00159,SAVINGS,ACTIVE,INR,2021-12-26,,BR156,Delhi,180769.00,150210.85,0.00,0.00,f,CLASSIC,f,2,t,2026-08-23,25,GOLD,LOW
ACC_000238,CUST_00159,SALARY,ACTIVE,INR,2021-12-26,,BR114,Delhi,876599.00,923606.33,0.00,0.00,f,GOLD,f,2,t,2026-09-10,11,GOLD,LOW
ACC_000239,CUST_00160,SAVINGS,ACTIVE,INR,2021-09-19,,BR147,Hyderabad,124873.00,116637.94,0.00,0.00,f,CLASSIC,f,2,t,2026-08-31,29,SILVER,LOW
ACC_000240,CUST_00161,NRE,ACTIVE,INR,2020-07-10,,BR126,Kolkata,521348.00,498300.70,0.00,0.00,f,CLASSIC,f,1,t,2026-09-05,18,SILVER,LOW
ACC_000241,CUST_00162,SALARY,ACTIVE,INR,2018-07-20,,BR102,Kolkata,115157.00,130072.10,0.00,0.00,t,GOLD,f,1,t,2026-08-24,26,SILVER,LOW
ACC_000242,CUST_00163,NRE,ACTIVE,INR,2019-08-03,,BR117,Chennai,56579.00,50501.73,0.00,0.00,f,GOLD,f,3,t,2026-08-28,18,SILVER,LOW
ACC_000243,CUST_00163,NRE,ACTIVE,INR,2019-08-03,,BR126,Chennai,526379.00,628648.83,0.00,0.00,f,GOLD,f,1,t,2026-09-08,20,SILVER,LOW
ACC_000244,CUST_00164,SAVINGS,ACTIVE,INR,2023-08-17,,BR174,Hyderabad,285357.00,315909.70,0.00,0.00,f,CLASSIC,f,2,t,2026-08-29,19,GOLD,LOW
ACC_000245,CUST_00164,SALARY,ACTIVE,INR,2023-08-17,,BR181,Hyderabad,224709.00,217567.22,0.00,0.00,t,GOLD,f,2,t,2026-09-12,23,GOLD,LOW
ACC_000246,CUST_00165,NRE,ACTIVE,INR,2015-07-14,,BR144,Chennai,30840.00,26657.66,0.00,0.00,t,GOLD,f,3,t,2026-09-09,24,GOLD,LOW
ACC_000247,CUST_00166,CURRENT,ACTIVE,INR,2015-11-28,,BR170,Pune,64669.00,74906.89,0.00,0.00,f,CLASSIC,f,1,t,2026-08-22,25,SILVER,LOW
ACC_000248,CUST_00166,SAVINGS,ACTIVE,INR,2015-11-28,,BR123,Pune,638863.00,690173.46,0.00,0.00,f,CLASSIC,f,2,t,2026-08-23,11,GOLD,LOW
ACC_000249,CUST_00167,SAVINGS,ACTIVE,INR,2023-11-04,,BR156,Bengaluru,91464.00,76461.08,0.00,0.00,t,CLASSIC,f,1,t,2026-08-24,9,GOLD,LOW
ACC_000250,CUST_00168,SALARY,ACTIVE,INR,2020-07-11,,BR190,Hyderabad,865707.00,780526.78,0.00,0.00,f,GOLD,f,2,t,2026-09-18,31,GOLD,LOW
ACC_000251,CUST_00168,CURRENT,ACTIVE,INR,2020-07-11,,BR197,Hyderabad,890479.00,887755.73,0.00,0.00,t,GOLD,f,1,t,2026-09-04,28,GOLD,LOW
ACC_000252,CUST_00169,SAVINGS,ACTIVE,INR,2023-02-19,,BR117,Bengaluru,867222.00,911829.15,0.00,0.00,f,CLASSIC,f,1,t,2026-09-15,27,GOLD,LOW
ACC_000253,CUST_00170,NRE,ACTIVE,INR,2015-08-20,,BR191,Bengaluru,88794.00,90556.51,0.00,0.00,f,CLASSIC,f,3,t,2026-09-06,10,SILVER,LOW
ACC_000254,CUST_00170,SALARY,ACTIVE,INR,2015-08-20,,BR136,Bengaluru,376089.00,411072.12,0.00,0.00,f,CLASSIC,f,3,t,2026-08-27,28,SILVER,LOW
ACC_000255,CUST_00171,NRE,ACTIVE,INR,2015-07-16,,BR133,Bengaluru,322459.00,354780.95,0.00,0.00,f,CLASSIC,f,1,t,2026-09-02,10,GOLD,LOW
ACC_000256,CUST_00171,SAVINGS,ACTIVE,INR,2015-07-16,,BR193,Bengaluru,422302.00,442324.82,0.00,0.00,f,CLASSIC,f,2,t,2026-08-29,15,SILVER,LOW
ACC_000257,CUST_00172,SAVINGS,ACTIVE,INR,2022-06-28,,BR117,Gurugram,508188.00,411797.55,0.00,0.00,t,GOLD,f,1,t,2026-08-28,9,GOLD,HIGH
ACC_000258,CUST_00172,CURRENT,ACTIVE,INR,2022-06-28,,BR136,Gurugram,777026.00,645904.21,0.00,0.00,t,GOLD,f,2,t,2026-09-02,8,GOLD,HIGH
ACC_000259,CUST_00173,SAVINGS,ACTIVE,INR,2015-04-15,,BR184,Kolkata,638007.00,693575.25,0.00,0.00,f,CLASSIC,f,1,t,2026-09-03,18,GOLD,LOW
ACC_000260,CUST_00174,SALARY,ACTIVE,INR,2019-04-11,,BR170,Bengaluru,369335.00,331839.31,0.00,0.00,f,CLASSIC,f,1,t,2026-08-31,10,SILVER,LOW
ACC_000261,CUST_00174,SALARY,ACTIVE,INR,2019-04-11,,BR160,Bengaluru,375705.00,399723.06,0.00,0.00,f,CLASSIC,f,3,t,2026-09-04,20,GOLD,LOW
ACC_000262,CUST_00175,NRE,ACTIVE,INR,2017-12-06,,BR155,Kolkata,496236.00,444269.51,0.00,0.00,f,GOLD,f,1,t,2026-09-19,28,GOLD,MEDIUM
ACC_000263,CUST_00176,NRE,ACTIVE,INR,2023-09-14,,BR147,Kolkata,52961.00,60668.93,0.00,0.00,f,GOLD,f,3,t,2026-08-21,25,SILVER,MEDIUM
ACC_000264,CUST_00176,NRE,ACTIVE,INR,2023-09-14,,BR167,Kolkata,741687.00,801685.84,0.00,0.00,f,CLASSIC,f,1,t,2026-08-27,29,SILVER,MEDIUM
ACC_000265,CUST_00177,SALARY,ACTIVE,INR,2016-04-13,,BR176,Bengaluru,637372.00,759041.87,0.00,0.00,f,GOLD,f,3,t,2026-08-30,20,GOLD,LOW
ACC_000266,CUST_00178,SALARY,ACTIVE,INR,2023-02-21,,BR133,Kolkata,295670.00,290592.02,0.00,0.00,f,GOLD,f,1,t,2026-09-08,24,GOLD,LOW
ACC_000267,CUST_00178,SAVINGS,ACTIVE,INR,2023-02-21,,BR112,Kolkata,502046.00,492146.56,0.00,0.00,f,GOLD,f,2,t,2026-09-19,17,GOLD,LOW
ACC_000268,CUST_00179,CURRENT,ACTIVE,INR,2015-11-13,,BR174,Delhi,26687.00,25284.96,0.00,0.00,f,GOLD,f,2,t,2026-08-30,10,GOLD,LOW
ACC_000269,CUST_00179,SALARY,ACTIVE,INR,2015-11-13,,BR117,Delhi,386171.00,457589.46,0.00,0.00,f,GOLD,f,3,t,2026-08-26,13,GOLD,LOW
ACC_000270,CUST_00180,NRE,ACTIVE,INR,2019-01-07,,BR117,Bengaluru,456566.00,395943.84,0.00,0.00,f,GOLD,f,3,t,2026-08-29,20,SILVER,LOW
ACC_000271,CUST_00181,SAVINGS,ACTIVE,INR,2015-12-20,,BR116,Hyderabad,826646.00,721564.97,0.00,0.00,f,CLASSIC,f,1,t,2026-08-26,24,GOLD,LOW
ACC_000272,CUST_00181,SAVINGS,ACTIVE,INR,2015-12-20,,BR136,Hyderabad,40873.00,40350.10,0.00,0.00,f,GOLD,f,2,t,2026-08-24,28,GOLD,LOW
ACC_000273,CUST_00182,SAVINGS,ACTIVE,INR,2022-09-12,,BR135,Mumbai,96476.00,81022.10,0.00,0.00,t,GOLD,f,2,t,2026-08-26,32,SILVER,MEDIUM
ACC_000274,CUST_00182,SAVINGS,ACTIVE,INR,2022-09-12,,BR139,Mumbai,201496.00,192931.00,0.00,0.00,f,GOLD,f,2,t,2026-08-23,10,GOLD,MEDIUM
ACC_000275,CUST_00183,CURRENT,ACTIVE,INR,2016-02-14,,BR129,Bengaluru,330644.00,350991.05,0.00,0.00,f,CLASSIC,f,2,t,2026-08-21,9,GOLD,MEDIUM
ACC_000276,CUST_00183,SAVINGS,ACTIVE,INR,2016-02-14,,BR121,Bengaluru,158691.00,158763.76,0.00,0.00,f,GOLD,f,1,t,2026-09-15,13,SILVER,MEDIUM
ACC_000277,CUST_00184,NRE,ACTIVE,INR,2020-09-19,,BR190,Mumbai,414452.00,454829.56,0.00,0.00,f,CLASSIC,f,2,t,2026-09-16,31,GOLD,LOW
ACC_000278,CUST_00184,CURRENT,ACTIVE,INR,2020-09-19,,BR173,Mumbai,592119.00,631593.86,0.00,0.00,f,CLASSIC,f,1,t,2026-09-18,21,SILVER,LOW
ACC_000279,CUST_00185,SALARY,ACTIVE,INR,2020-03-19,,BR121,Bengaluru,176517.00,188806.97,0.00,0.00,f,CLASSIC,f,1,t,2026-08-31,15,GOLD,LOW
ACC_000280,CUST_00186,NRE,ACTIVE,INR,2022-03-22,,BR195,Delhi,392180.00,314861.82,0.00,0.00,f,GOLD,f,2,t,2026-09-17,14,GOLD,MEDIUM
ACC_000281,CUST_00187,SALARY,ACTIVE,INR,2019-10-17,,BR156,Mumbai,880206.00,835006.35,0.00,0.00,f,GOLD,f,2,t,2026-09-03,25,GOLD,HIGH
ACC_000282,CUST_00187,SAVINGS,ACTIVE,INR,2019-10-17,,BR153,Mumbai,5750.00,4765.27,0.00,0.00,f,GOLD,f,1,t,2026-09-12,12,GOLD,HIGH
ACC_000283,CUST_00188,CURRENT,ACTIVE,INR,2022-11-18,,BR165,Delhi,416531.00,362923.05,0.00,0.00,f,GOLD,f,2,t,2026-09-02,14,GOLD,LOW
ACC_000284,CUST_00189,SALARY,ACTIVE,INR,2017-12-17,,BR131,Pune,271967.00,272301.97,0.00,0.00,f,CLASSIC,f,3,t,2026-09-01,31,SILVER,MEDIUM
ACC_000285,CUST_00190,CURRENT,ACTIVE,INR,2022-11-18,,BR119,Bengaluru,545782.00,526549.24,0.00,0.00,f,CLASSIC,f,3,t,2026-09-13,19,GOLD,LOW
ACC_000286,CUST_00191,NRE,ACTIVE,INR,2020-09-09,,BR106,Gurugram,417998.00,478119.19,0.00,0.00,f,CLASSIC,f,1,t,2026-09-06,15,SILVER,MEDIUM
ACC_000287,CUST_00192,SALARY,ACTIVE,INR,2017-05-13,,BR183,Mumbai,586004.00,621141.40,0.00,0.00,f,CLASSIC,f,2,t,2026-08-28,25,GOLD,MEDIUM
ACC_000288,CUST_00193,CURRENT,ACTIVE,INR,2018-12-23,,BR116,Pune,463848.00,460932.75,0.00,0.00,f,CLASSIC,f,3,t,2026-09-01,21,GOLD,MEDIUM
ACC_000289,CUST_00194,SALARY,ACTIVE,INR,2020-10-26,,BR160,Kolkata,394015.00,439482.28,0.00,0.00,f,GOLD,f,3,t,2026-09-18,31,SILVER,LOW
ACC_000290,CUST_00194,CURRENT,ACTIVE,INR,2020-10-26,,BR158,Kolkata,848544.00,900031.58,0.00,0.00,f,GOLD,f,3,t,2026-08-25,13,SILVER,LOW
ACC_000291,CUST_00195,NRE,ACTIVE,INR,2017-11-25,,BR129,Bengaluru,879580.00,993961.91,0.00,0.00,f,GOLD,f,3,t,2026-09-16,16,SILVER,LOW
ACC_000292,CUST_00195,SALARY,ACTIVE,INR,2017-11-25,,BR127,Bengaluru,104097.00,101097.06,0.00,0.00,t,GOLD,f,2,t,2026-09-12,25,SILVER,LOW
ACC_000293,CUST_00196,CURRENT,ACTIVE,INR,2021-01-27,,BR122,Kolkata,719391.00,760556.72,0.00,0.00,t,GOLD,f,2,t,2026-08-25,24,SILVER,LOW
ACC_000294,CUST_00197,CURRENT,ACTIVE,INR,2015-04-09,,BR139,Bengaluru,773919.00,782896.11,0.00,0.00,f,CLASSIC,f,1,t,2026-08-24,15,GOLD,LOW
ACC_000295,CUST_00198,SALARY,ACTIVE,INR,2024-08-24,,BR109,Gurugram,111092.00,102434.12,0.00,0.00,t,GOLD,f,2,t,2026-09-11,29,GOLD,MEDIUM
ACC_000296,CUST_00198,CURRENT,ACTIVE,INR,2024-08-24,,BR162,Gurugram,737002.00,747224.68,0.00,0.00,f,GOLD,f,2,t,2026-08-27,15,SILVER,MEDIUM
ACC_000297,CUST_00199,SAVINGS,ACTIVE,INR,2021-01-05,,BR193,Mumbai,284737.00,328803.42,0.00,0.00,t,CLASSIC,f,2,t,2026-09-14,13,SILVER,LOW
ACC_000298,CUST_00199,CURRENT,ACTIVE,INR,2021-01-05,,BR181,Mumbai,339209.00,273417.70,0.00,0.00,f,CLASSIC,f,2,t,2026-09-19,22,SILVER,LOW
ACC_000299,CUST_00200,NRE,ACTIVE,INR,2018-05-28,,BR139,Pune,584074.00,688203.76,0.00,0.00,f,CLASSIC,f,2,t,2026-09-19,10,GOLD,LOW
ACC_000300,CUST_00200,SAVINGS,ACTIVE,INR,2018-05-28,,BR120,Pune,810325.00,928708.51,0.00,0.00,t,GOLD,f,3,t,2026-09-06,15,GOLD,LOW
ACC_000301,CUST_00201,SAVINGS,ACTIVE,INR,2018-08-17,,BR197,Mumbai,603252.00,710902.23,0.00,0.00,t,CLASSIC,f,2,t,2026-08-27,32,SILVER,MEDIUM
ACC_000302,CUST_00202,NRE,ACTIVE,INR,2022-09-06,,BR193,Chennai,503706.00,454173.05,0.00,0.00,f,CLASSIC,f,2,t,2026-08-29,9,GOLD,MEDIUM
ACC_000303,CUST_00202,SALARY,ACTIVE,INR,2022-09-06,,BR178,Chennai,399267.00,397784.42,0.00,0.00,f,CLASSIC,f,1,t,2026-09-16,9,SILVER,MEDIUM
ACC_000304,CUST_00203,SAVINGS,ACTIVE,INR,2018-01-17,,BR122,Chennai,634098.00,583368.27,0.00,0.00,f,GOLD,f,1,t,2026-09-11,23,SILVER,MEDIUM
ACC_000305,CUST_00203,CURRENT,ACTIVE,INR,2018-01-17,,BR194,Chennai,395011.00,320859.28,0.00,0.00,t,GOLD,f,1,t,2026-09-03,19,SILVER,MEDIUM
ACC_000306,CUST_00204,CURRENT,ACTIVE,INR,2022-07-02,,BR119,Pune,888113.00,870075.22,0.00,0.00,f,CLASSIC,f,1,t,2026-09-05,22,SILVER,LOW
ACC_000307,CUST_00205,SAVINGS,ACTIVE,INR,2016-02-02,,BR126,Kolkata,129786.00,153013.13,0.00,0.00,f,CLASSIC,f,1,t,2026-08-29,23,SILVER,LOW
ACC_000308,CUST_00206,CURRENT,ACTIVE,INR,2023-01-27,,BR123,Mumbai,639858.00,636323.26,0.00,0.00,f,GOLD,f,2,t,2026-09-06,12,SILVER,MEDIUM
ACC_000309,CUST_00207,NRE,ACTIVE,INR,2019-07-10,,BR179,Mumbai,180783.00,175278.69,0.00,0.00,f,CLASSIC,f,1,t,2026-08-29,9,GOLD,LOW
ACC_000310,CUST_00208,CURRENT,ACTIVE,INR,2015-04-02,,BR188,Bengaluru,684882.00,724075.47,0.00,0.00,t,CLASSIC,f,2,t,2026-09-14,12,GOLD,HIGH
ACC_000311,CUST_00209,NRE,ACTIVE,INR,2022-01-23,,BR182,Chennai,377478.00,425317.00,0.00,0.00,f,CLASSIC,f,3,t,2026-09-10,21,SILVER,LOW
ACC_000312,CUST_00210,SAVINGS,ACTIVE,INR,2019-03-27,,BR139,Chennai,602189.00,522368.91,0.00,0.00,f,GOLD,f,2,t,2026-08-31,16,GOLD,LOW
ACC_000313,CUST_00211,SALARY,ACTIVE,INR,2022-12-21,,BR156,Pune,196834.00,166387.11,0.00,0.00,f,CLASSIC,f,2,t,2026-08-30,19,SILVER,LOW
ACC_000314,CUST_00212,NRE,ACTIVE,INR,2024-07-12,,BR143,Chennai,695394.00,681202.70,0.00,0.00,f,CLASSIC,f,1,t,2026-09-04,15,SILVER,LOW
ACC_000315,CUST_00212,NRE,ACTIVE,INR,2024-07-12,,BR113,Chennai,629319.00,616263.78,0.00,0.00,f,GOLD,f,2,t,2026-09-05,30,GOLD,LOW
ACC_000316,CUST_00213,SALARY,ACTIVE,INR,2022-01-27,,BR191,Delhi,73930.00,76123.41,0.00,0.00,t,GOLD,f,3,t,2026-09-18,25,SILVER,HIGH
ACC_000317,CUST_00214,NRE,ACTIVE,INR,2018-08-08,,BR186,Delhi,170519.00,160462.47,0.00,0.00,f,CLASSIC,f,1,t,2026-09-14,8,SILVER,LOW
ACC_000318,CUST_00214,SAVINGS,ACTIVE,INR,2018-08-08,,BR173,Delhi,745704.00,700092.89,0.00,0.00,f,GOLD,f,3,t,2026-09-10,25,SILVER,LOW
ACC_000319,CUST_00215,SAVINGS,ACTIVE,INR,2016-09-04,,BR142,Gurugram,476820.00,479917.77,0.00,0.00,t,CLASSIC,f,3,t,2026-09-03,23,SILVER,MEDIUM
ACC_000320,CUST_00216,SAVINGS,ACTIVE,INR,2023-08-09,,BR196,Delhi,410367.00,366742.30,0.00,0.00,f,CLASSIC,f,3,t,2026-09-10,29,GOLD,MEDIUM
ACC_000321,CUST_00217,SALARY,ACTIVE,INR,2015-12-17,,BR181,Gurugram,591364.00,669843.26,0.00,0.00,f,GOLD,f,1,t,2026-09-06,12,SILVER,HIGH
ACC_000322,CUST_00218,CURRENT,ACTIVE,INR,2022-07-04,,BR116,Bengaluru,360298.00,373519.94,0.00,0.00,f,CLASSIC,f,1,t,2026-09-01,29,GOLD,LOW
ACC_000323,CUST_00219,CURRENT,ACTIVE,INR,2018-11-16,,BR122,Delhi,535127.00,428254.42,0.00,0.00,f,GOLD,f,1,t,2026-09-07,18,GOLD,MEDIUM
ACC_000324,CUST_00219,CURRENT,ACTIVE,INR,2018-11-16,,BR165,Delhi,19931.00,21825.97,0.00,0.00,f,CLASSIC,f,2,t,2026-09-08,26,SILVER,MEDIUM
ACC_000325,CUST_00220,SALARY,ACTIVE,INR,2018-09-28,,BR102,Bengaluru,95082.00,90214.68,0.00,0.00,t,GOLD,f,3,t,2026-09-12,19,SILVER,LOW
ACC_000326,CUST_00220,CURRENT,ACTIVE,INR,2018-09-28,,BR146,Bengaluru,172143.00,152612.27,0.00,0.00,f,GOLD,f,1,t,2026-09-10,8,SILVER,LOW
ACC_000327,CUST_00221,NRE,ACTIVE,INR,2019-08-02,,BR148,Kolkata,818462.00,974340.53,0.00,0.00,f,GOLD,f,1,t,2026-08-25,16,GOLD,LOW
ACC_000328,CUST_00221,CURRENT,ACTIVE,INR,2019-08-02,,BR129,Kolkata,416381.00,345095.49,0.00,0.00,f,CLASSIC,f,1,t,2026-09-06,27,SILVER,LOW
ACC_000329,CUST_00222,CURRENT,ACTIVE,INR,2021-04-11,,BR138,Hyderabad,308961.00,278659.22,0.00,0.00,f,GOLD,f,2,t,2026-09-01,30,SILVER,LOW
ACC_000330,CUST_00223,SALARY,ACTIVE,INR,2016-07-09,,BR170,Mumbai,627379.00,729397.68,0.00,0.00,f,GOLD,f,2,t,2026-09-13,11,GOLD,LOW
ACC_000331,CUST_00224,NRE,ACTIVE,INR,2023-08-10,,BR152,Hyderabad,884969.00,811539.22,0.00,0.00,f,GOLD,f,1,t,2026-09-18,22,SILVER,MEDIUM
ACC_000332,CUST_00225,CURRENT,ACTIVE,INR,2019-03-25,,BR155,Hyderabad,47446.00,44417.60,0.00,0.00,f,GOLD,f,2,t,2026-08-22,10,GOLD,LOW
ACC_000333,CUST_00225,CURRENT,ACTIVE,INR,2019-03-25,,BR108,Hyderabad,763419.00,876591.14,0.00,0.00,f,CLASSIC,f,2,t,2026-09-01,9,GOLD,LOW
ACC_000334,CUST_00226,NRE,ACTIVE,INR,2023-09-12,,BR152,Delhi,25085.00,28147.90,0.00,0.00,f,GOLD,f,2,t,2026-09-09,18,SILVER,HIGH
ACC_000335,CUST_00226,SALARY,ACTIVE,INR,2023-09-12,,BR163,Delhi,89394.00,86095.25,0.00,0.00,f,CLASSIC,f,1,t,2026-09-13,18,GOLD,HIGH
ACC_000336,CUST_00227,SALARY,ACTIVE,INR,2021-08-03,,BR168,Kolkata,558375.00,534230.55,0.00,0.00,f,GOLD,f,1,t,2026-09-11,13,GOLD,LOW
ACC_000337,CUST_00228,SAVINGS,ACTIVE,INR,2015-03-22,,BR179,Mumbai,417594.00,464314.67,0.00,0.00,t,CLASSIC,f,2,t,2026-09-04,18,GOLD,LOW
ACC_000338,CUST_00228,SAVINGS,ACTIVE,INR,2015-03-22,,BR117,Mumbai,236092.00,215122.68,0.00,0.00,t,CLASSIC,f,2,t,2026-09-11,8,SILVER,LOW
ACC_000339,CUST_00229,CURRENT,ACTIVE,INR,2018-12-10,,BR153,Kolkata,733710.00,588322.77,0.00,0.00,t,GOLD,f,1,t,2026-08-28,27,SILVER,MEDIUM
ACC_000340,CUST_00230,CURRENT,ACTIVE,INR,2023-12-10,,BR173,Bengaluru,377361.00,323804.89,0.00,0.00,t,CLASSIC,f,2,t,2026-08-23,20,SILVER,LOW
ACC_000341,CUST_00230,CURRENT,ACTIVE,INR,2023-12-10,,BR163,Bengaluru,230535.00,225769.26,0.00,0.00,f,GOLD,f,3,t,2026-08-22,12,GOLD,LOW
ACC_000342,CUST_00231,SALARY,ACTIVE,INR,2017-01-06,,BR146,Pune,678802.00,614918.10,0.00,0.00,f,CLASSIC,f,1,t,2026-08-28,8,GOLD,LOW
ACC_000343,CUST_00232,CURRENT,ACTIVE,INR,2022-10-09,,BR145,Pune,327778.00,352541.71,0.00,0.00,t,CLASSIC,f,2,t,2026-08-25,26,GOLD,LOW
ACC_000344,CUST_00232,NRE,ACTIVE,INR,2022-10-09,,BR195,Pune,303097.00,267888.19,0.00,0.00,f,GOLD,f,1,t,2026-08-29,9,SILVER,LOW
ACC_000345,CUST_00233,NRE,ACTIVE,INR,2018-04-21,,BR141,Kolkata,567464.00,632451.59,0.00,0.00,f,CLASSIC,f,2,t,2026-08-25,21,SILVER,LOW
ACC_000346,CUST_00234,NRE,ACTIVE,INR,2015-09-15,,BR198,Mumbai,419674.00,403454.84,0.00,0.00,f,CLASSIC,f,2,t,2026-09-18,26,GOLD,MEDIUM
ACC_000347,CUST_00234,SAVINGS,ACTIVE,INR,2015-09-15,,BR167,Mumbai,390235.00,369109.42,0.00,0.00,t,GOLD,f,3,t,2026-09-11,27,GOLD,MEDIUM
ACC_000348,CUST_00235,NRE,ACTIVE,INR,2016-11-11,,BR112,Pune,494578.00,502838.07,0.00,0.00,f,GOLD,f,3,t,2026-09-05,29,SILVER,LOW
ACC_000349,CUST_00235,CURRENT,ACTIVE,INR,2016-11-11,,BR161,Pune,783722.00,694579.20,0.00,0.00,f,GOLD,f,3,t,2026-08-22,21,GOLD,LOW
ACC_000350,CUST_00236,SALARY,ACTIVE,INR,2017-10-24,,BR112,Gurugram,72395.00,72499.50,0.00,0.00,f,GOLD,f,1,t,2026-09-13,10,GOLD,LOW
ACC_000351,CUST_00237,SAVINGS,ACTIVE,INR,2023-02-10,,BR177,Delhi,831838.00,959366.71,0.00,0.00,f,GOLD,f,2,t,2026-09-19,25,SILVER,MEDIUM
ACC_000352,CUST_00237,CURRENT,ACTIVE,INR,2023-02-10,,BR114,Delhi,341061.00,402282.99,0.00,0.00,f,GOLD,f,3,t,2026-09-06,26,GOLD,MEDIUM
ACC_000353,CUST_00238,NRE,ACTIVE,INR,2020-10-18,,BR147,Pune,771806.00,832074.14,0.00,0.00,f,CLASSIC,f,3,t,2026-09-04,20,SILVER,LOW
ACC_000354,CUST_00239,SALARY,ACTIVE,INR,2022-10-08,,BR123,Hyderabad,462921.00,524235.95,0.00,0.00,f,GOLD,f,3,t,2026-09-07,32,SILVER,LOW
ACC_000355,CUST_00240,SAVINGS,ACTIVE,INR,2018-11-13,,BR163,Chennai,848814.00,912021.43,0.00,0.00,f,GOLD,f,3,t,2026-08-21,19,GOLD,LOW
ACC_000356,CUST_00240,NRE,ACTIVE,INR,2018-11-13,,BR164,Chennai,320312.00,349677.94,0.00,0.00,t,CLASSIC,f,3,t,2026-09-19,17,GOLD,LOW
ACC_000357,CUST_00241,SALARY,ACTIVE,INR,2019-01-08,,BR144,Kolkata,845262.00,763085.78,0.00,0.00,t,GOLD,f,1,t,2026-09-06,17,GOLD,MEDIUM
ACC_000358,CUST_00242,CURRENT,ACTIVE,INR,2015-06-02,,BR120,Bengaluru,484563.00,442751.78,0.00,0.00,f,GOLD,f,3,t,2026-08-28,12,SILVER,LOW
ACC_000359,CUST_00243,SAVINGS,ACTIVE,INR,2024-01-19,,BR141,Pune,571418.00,621877.39,0.00,0.00,t,CLASSIC,f,3,t,2026-08-25,17,GOLD,LOW
ACC_000360,CUST_00244,SAVINGS,ACTIVE,INR,2017-10-08,,BR177,Hyderabad,254544.00,240698.23,0.00,0.00,f,GOLD,f,2,t,2026-09-06,17,SILVER,LOW
ACC_000361,CUST_00244,CURRENT,ACTIVE,INR,2017-10-08,,BR125,Hyderabad,527972.00,465561.62,0.00,0.00,f,GOLD,f,1,t,2026-08-27,11,SILVER,LOW
ACC_000362,CUST_00245,SAVINGS,ACTIVE,INR,2021-10-23,,BR163,Pune,406214.00,390695.44,0.00,0.00,t,CLASSIC,f,3,t,2026-09-12,23,GOLD,MEDIUM
ACC_000363,CUST_00246,NRE,ACTIVE,INR,2019-05-01,,BR108,Kolkata,173155.00,141927.60,0.00,0.00,f,GOLD,f,3,t,2026-09-01,11,GOLD,LOW
ACC_000364,CUST_00247,NRE,ACTIVE,INR,2017-08-26,,BR121,Delhi,42008.00,47442.50,0.00,0.00,f,GOLD,f,2,t,2026-08-28,27,SILVER,LOW
ACC_000365,CUST_00247,CURRENT,ACTIVE,INR,2017-08-26,,BR170,Delhi,824601.00,799182.91,0.00,0.00,f,GOLD,f,1,t,2026-08-23,19,GOLD,LOW
ACC_000366,CUST_00248,SALARY,ACTIVE,INR,2022-12-18,,BR164,Delhi,844671.00,679773.25,0.00,0.00,f,CLASSIC,f,3,t,2026-09-10,21,SILVER,LOW
ACC_000367,CUST_00249,NRE,ACTIVE,INR,2021-02-18,,BR160,Chennai,233433.00,222753.67,0.00,0.00,f,GOLD,f,3,t,2026-08-26,13,GOLD,LOW
ACC_000368,CUST_00250,SALARY,ACTIVE,INR,2021-04-13,,BR109,Pune,620096.00,628147.43,0.00,0.00,f,CLASSIC,f,2,t,2026-08-29,10,SILVER,LOW
ACC_000369,CUST_00251,NRE,ACTIVE,INR,2015-05-13,,BR158,Delhi,422285.00,344062.05,0.00,0.00,f,GOLD,f,3,t,2026-09-11,20,GOLD,MEDIUM
ACC_000370,CUST_00252,CURRENT,ACTIVE,INR,2017-03-04,,BR165,Pune,306623.00,351733.02,0.00,0.00,f,CLASSIC,f,1,t,2026-09-19,14,GOLD,LOW
ACC_000371,CUST_00253,SAVINGS,ACTIVE,INR,2023-05-20,,BR162,Pune,715175.00,580638.01,0.00,0.00,f,GOLD,f,1,t,2026-09-03,15,GOLD,LOW
ACC_000372,CUST_00254,CURRENT,ACTIVE,INR,2024-12-01,,BR127,Mumbai,829895.00,899472.87,0.00,0.00,t,CLASSIC,f,2,t,2026-09-13,20,GOLD,LOW
ACC_000373,CUST_00255,SALARY,ACTIVE,INR,2019-07-07,,BR124,Gurugram,36764.00,32133.55,0.00,0.00,f,GOLD,f,1,t,2026-09-10,10,GOLD,LOW
ACC_000374,CUST_00255,SALARY,ACTIVE,INR,2019-07-07,,BR172,Gurugram,529425.00,624629.33,0.00,0.00,f,GOLD,f,2,t,2026-08-30,12,SILVER,LOW
ACC_000375,CUST_00256,CURRENT,ACTIVE,INR,2015-01-02,,BR194,Bengaluru,293525.00,342010.18,0.00,0.00,f,GOLD,f,1,t,2026-09-07,11,SILVER,LOW
ACC_000376,CUST_00257,NRE,ACTIVE,INR,2022-10-13,,BR145,Gurugram,306584.00,276908.57,0.00,0.00,f,GOLD,f,1,t,2026-09-15,18,GOLD,LOW
ACC_000377,CUST_00257,SALARY,ACTIVE,INR,2022-10-13,,BR109,Gurugram,337183.00,284114.79,0.00,0.00,f,CLASSIC,f,3,t,2026-09-10,9,SILVER,LOW
ACC_000378,CUST_00258,SAVINGS,ACTIVE,INR,2019-09-03,,BR132,Pune,620869.00,701726.35,0.00,0.00,t,GOLD,f,3,t,2026-08-24,13,GOLD,MEDIUM
ACC_000379,CUST_00259,NRE,ACTIVE,INR,2019-10-25,,BR191,Delhi,374866.00,395008.65,0.00,0.00,f,CLASSIC,f,2,t,2026-09-12,9,GOLD,MEDIUM
ACC_000380,CUST_00260,SAVINGS,ACTIVE,INR,2024-01-14,,BR160,Chennai,316284.00,307610.96,0.00,0.00,f,CLASSIC,f,3,t,2026-09-16,12,SILVER,LOW
ACC_000381,CUST_00261,SALARY,ACTIVE,INR,2015-11-20,,BR178,Delhi,618512.00,559405.71,0.00,0.00,f,CLASSIC,f,3,t,2026-09-12,30,GOLD,LOW
ACC_000382,CUST_00262,SAVINGS,ACTIVE,INR,2016-06-10,,BR198,Kolkata,194376.00,181565.51,0.00,0.00,f,GOLD,f,3,t,2026-09-07,27,GOLD,LOW
ACC_000383,CUST_00263,NRE,ACTIVE,INR,2023-10-14,,BR192,Kolkata,443003.00,508013.52,0.00,0.00,f,CLASSIC,f,2,t,2026-08-25,15,SILVER,LOW
ACC_000384,CUST_00263,SAVINGS,ACTIVE,INR,2023-10-14,,BR185,Kolkata,34592.00,31896.49,0.00,0.00,f,CLASSIC,f,3,t,2026-09-12,16,SILVER,LOW
ACC_000385,CUST_00264,SALARY,ACTIVE,INR,2015-04-10,,BR131,Mumbai,646436.00,765012.05,0.00,0.00,f,GOLD,f,2,t,2026-08-25,20,GOLD,LOW
ACC_000386,CUST_00264,SAVINGS,ACTIVE,INR,2015-04-10,,BR116,Mumbai,262319.00,269396.29,0.00,0.00,f,GOLD,f,1,t,2026-08-29,27,GOLD,LOW
ACC_000387,CUST_00265,SAVINGS,ACTIVE,INR,2016-07-27,,BR153,Delhi,148451.00,164902.13,0.00,0.00,f,GOLD,f,3,t,2026-09-18,24,GOLD,HIGH
ACC_000388,CUST_00266,CURRENT,ACTIVE,INR,2019-10-09,,BR112,Delhi,63444.00,74283.84,0.00,0.00,f,GOLD,f,1,t,2026-09-01,19,GOLD,LOW
ACC_000389,CUST_00267,SAVINGS,ACTIVE,INR,2017-06-07,,BR189,Kolkata,88200.00,79236.80,0.00,0.00,f,CLASSIC,f,3,t,2026-09-05,20,GOLD,MEDIUM
ACC_000390,CUST_00267,NRE,ACTIVE,INR,2017-06-07,,BR168,Kolkata,793194.00,897113.48,0.00,0.00,t,CLASSIC,f,1,t,2026-09-18,11,GOLD,MEDIUM
ACC_000391,CUST_00268,SALARY,ACTIVE,INR,2024-01-06,,BR138,Mumbai,234835.00,261895.20,0.00,0.00,t,GOLD,f,3,t,2026-08-21,11,SILVER,MEDIUM
ACC_000392,CUST_00268,SAVINGS,ACTIVE,INR,2024-01-06,,BR160,Mumbai,142511.00,134909.42,0.00,0.00,f,GOLD,f,1,t,2026-09-13,19,GOLD,MEDIUM
ACC_000393,CUST_00269,NRE,ACTIVE,INR,2021-07-27,,BR163,Pune,803790.00,816878.57,0.00,0.00,f,GOLD,f,2,t,2026-09-02,22,SILVER,LOW
ACC_000394,CUST_00270,SALARY,ACTIVE,INR,2022-11-15,,BR157,Hyderabad,463514.00,431806.10,0.00,0.00,f,CLASSIC,f,2,t,2026-08-29,20,GOLD,LOW
ACC_000395,CUST_00270,CURRENT,ACTIVE,INR,2022-11-15,,BR144,Hyderabad,88144.00,88722.88,0.00,0.00,t,GOLD,f,3,t,2026-08-23,32,GOLD,LOW
ACC_000396,CUST_00271,SALARY,ACTIVE,INR,2015-07-08,,BR138,Gurugram,255020.00,222637.28,0.00,0.00,f,CLASSIC,f,3,t,2026-09-14,31,SILVER,LOW
ACC_000397,CUST_00272,CURRENT,ACTIVE,INR,2023-09-15,,BR152,Hyderabad,563006.00,645079.27,0.00,0.00,f,CLASSIC,f,3,t,2026-08-25,8,GOLD,LOW
ACC_000398,CUST_00273,CURRENT,ACTIVE,INR,2024-04-02,,BR100,Bengaluru,820976.00,826308.09,0.00,0.00,f,CLASSIC,f,3,t,2026-08-30,22,SILVER,MEDIUM
ACC_000399,CUST_00274,SALARY,ACTIVE,INR,2019-01-28,,BR127,Bengaluru,22633.00,21847.21,0.00,0.00,f,CLASSIC,f,3,t,2026-09-02,22,SILVER,LOW
ACC_000400,CUST_00275,NRE,ACTIVE,INR,2018-08-15,,BR128,Hyderabad,483088.00,411762.17,0.00,0.00,f,GOLD,f,3,t,2026-09-12,31,SILVER,LOW
ACC_000401,CUST_00276,NRE,ACTIVE,INR,2023-07-26,,BR124,Hyderabad,708004.00,591340.13,0.00,0.00,f,GOLD,f,1,t,2026-09-19,30,GOLD,LOW
ACC_000402,CUST_00277,NRE,ACTIVE,INR,2024-08-24,,BR167,Gurugram,372292.00,357560.12,0.00,0.00,f,CLASSIC,f,2,t,2026-09-06,17,GOLD,LOW
ACC_000403,CUST_00278,NRE,ACTIVE,INR,2018-10-23,,BR146,Bengaluru,375678.00,418195.69,0.00,0.00,f,CLASSIC,f,3,t,2026-09-07,21,SILVER,LOW
ACC_000404,CUST_00279,NRE,ACTIVE,INR,2022-03-10,,BR107,Gurugram,608222.00,570317.01,0.00,0.00,f,CLASSIC,f,1,t,2026-08-23,32,GOLD,LOW
ACC_000405,CUST_00280,SAVINGS,ACTIVE,INR,2016-05-02,,BR158,Delhi,444733.00,499336.44,0.00,0.00,f,CLASSIC,f,3,t,2026-08-26,25,GOLD,LOW
ACC_000406,CUST_00281,NRE,ACTIVE,INR,2015-09-03,,BR119,Mumbai,99628.00,80321.43,0.00,0.00,f,GOLD,f,2,t,2026-08-25,32,GOLD,MEDIUM
ACC_000407,CUST_00282,CURRENT,ACTIVE,INR,2024-02-13,,BR182,Mumbai,420355.00,496653.10,0.00,0.00,f,GOLD,f,2,t,2026-08-21,27,GOLD,MEDIUM
ACC_000408,CUST_00283,NRE,ACTIVE,INR,2015-05-01,,BR178,Pune,83570.00,76572.74,0.00,0.00,t,CLASSIC,f,3,t,2026-09-07,28,GOLD,MEDIUM
ACC_000409,CUST_00284,CURRENT,ACTIVE,INR,2019-11-01,,BR143,Kolkata,765003.00,873378.91,0.00,0.00,f,CLASSIC,f,2,t,2026-08-30,25,GOLD,LOW
ACC_000410,CUST_00285,SAVINGS,ACTIVE,INR,2023-04-09,,BR103,Gurugram,829235.00,746496.94,0.00,0.00,f,CLASSIC,f,3,t,2026-09-06,27,SILVER,LOW
ACC_000411,CUST_00286,NRE,ACTIVE,INR,2023-06-25,,BR123,Chennai,815307.00,662059.65,0.00,0.00,f,CLASSIC,f,2,t,2026-09-02,13,SILVER,LOW
ACC_000412,CUST_00286,SALARY,ACTIVE,INR,2023-06-25,,BR187,Chennai,223612.00,248019.82,0.00,0.00,f,GOLD,f,1,t,2026-08-22,20,SILVER,LOW
ACC_000413,CUST_00287,NRE,ACTIVE,INR,2016-10-01,,BR156,Bengaluru,84315.00,71308.73,0.00,0.00,f,CLASSIC,f,1,t,2026-09-14,9,SILVER,LOW
ACC_000414,CUST_00287,CURRENT,ACTIVE,INR,2016-10-01,,BR181,Bengaluru,817995.00,848111.25,0.00,0.00,f,CLASSIC,f,3,t,2026-09-16,24,SILVER,LOW
ACC_000415,CUST_00288,SALARY,ACTIVE,INR,2022-03-10,,BR187,Chennai,168996.00,154329.63,0.00,0.00,f,GOLD,f,3,t,2026-09-13,20,GOLD,HIGH
ACC_000416,CUST_00288,NRE,ACTIVE,INR,2022-03-10,,BR132,Chennai,82554.00,70287.37,0.00,0.00,f,CLASSIC,f,1,t,2026-09-03,17,GOLD,HIGH
ACC_000417,CUST_00289,SAVINGS,ACTIVE,INR,2023-12-23,,BR171,Chennai,871708.00,767137.83,0.00,0.00,f,CLASSIC,f,2,t,2026-08-31,32,GOLD,MEDIUM
ACC_000418,CUST_00289,CURRENT,ACTIVE,INR,2023-12-23,,BR151,Chennai,20401.00,24032.27,0.00,0.00,f,CLASSIC,f,3,t,2026-08-24,8,SILVER,MEDIUM
ACC_000419,CUST_00290,SAVINGS,ACTIVE,INR,2016-05-15,,BR182,Bengaluru,383073.00,454974.98,0.00,0.00,f,GOLD,f,2,t,2026-08-29,15,SILVER,LOW
ACC_000420,CUST_00291,CURRENT,ACTIVE,INR,2015-04-13,,BR149,Chennai,775122.00,775485.65,0.00,0.00,f,GOLD,f,1,t,2026-08-31,22,SILVER,LOW
ACC_000421,CUST_00291,CURRENT,ACTIVE,INR,2015-04-13,,BR107,Chennai,536361.00,575732.17,0.00,0.00,f,CLASSIC,f,3,t,2026-08-30,13,SILVER,LOW
ACC_000422,CUST_00292,CURRENT,ACTIVE,INR,2016-06-28,,BR137,Chennai,573775.00,571162.12,0.00,0.00,f,CLASSIC,f,2,t,2026-09-04,22,GOLD,HIGH
ACC_000423,CUST_00293,CURRENT,ACTIVE,INR,2018-11-18,,BR101,Chennai,407106.00,424092.80,0.00,0.00,f,CLASSIC,f,3,t,2026-08-24,8,SILVER,LOW
ACC_000424,CUST_00293,CURRENT,ACTIVE,INR,2018-11-18,,BR102,Chennai,58184.00,66351.72,0.00,0.00,f,GOLD,f,2,t,2026-09-19,21,SILVER,LOW
ACC_000425,CUST_00294,SALARY,ACTIVE,INR,2024-01-17,,BR142,Hyderabad,638825.00,765910.73,0.00,0.00,f,CLASSIC,f,1,t,2026-08-28,15,GOLD,LOW
ACC_000426,CUST_00295,NRE,ACTIVE,INR,2024-01-05,,BR195,Gurugram,563033.00,552298.15,0.00,0.00,f,GOLD,f,3,t,2026-09-06,13,SILVER,LOW
ACC_000427,CUST_00296,NRE,ACTIVE,INR,2016-05-08,,BR110,Chennai,598405.00,634026.75,0.00,0.00,t,GOLD,f,2,t,2026-08-24,15,SILVER,HIGH
ACC_000428,CUST_00296,CURRENT,ACTIVE,INR,2016-05-08,,BR194,Chennai,16532.00,13343.73,0.00,0.00,f,CLASSIC,f,3,t,2026-09-12,17,GOLD,HIGH
ACC_000429,CUST_00297,SALARY,ACTIVE,INR,2016-11-26,,BR168,Chennai,682576.00,644708.21,0.00,0.00,f,GOLD,f,1,t,2026-09-16,8,SILVER,MEDIUM
ACC_000430,CUST_00297,SAVINGS,ACTIVE,INR,2016-11-26,,BR191,Chennai,522630.00,572313.18,0.00,0.00,f,GOLD,f,3,t,2026-08-31,17,GOLD,MEDIUM
ACC_000431,CUST_00298,NRE,ACTIVE,INR,2020-11-28,,BR164,Chennai,511846.00,542792.55,0.00,0.00,t,CLASSIC,f,3,t,2026-08-31,17,SILVER,HIGH
ACC_000432,CUST_00299,SALARY,ACTIVE,INR,2022-04-09,,BR167,Chennai,49563.00,58086.24,0.00,0.00,t,CLASSIC,f,3,t,2026-09-11,10,GOLD,LOW
ACC_000433,CUST_00299,NRE,ACTIVE,INR,2022-04-09,,BR142,Chennai,216447.00,209868.72,0.00,0.00,f,CLASSIC,f,3,t,2026-08-31,8,GOLD,LOW
ACC_000434,CUST_00300,SALARY,ACTIVE,INR,2018-04-20,,BR195,Pune,22248.00,18496.82,0.00,0.00,f,GOLD,f,1,t,2026-08-30,16,SILVER,LOW
ACC_000435,CUST_00300,SAVINGS,ACTIVE,INR,2018-04-20,,BR110,Pune,503224.00,568334.97,0.00,0.00,f,GOLD,f,2,t,2026-08-22,13,GOLD,LOW
ACC_000436,CUST_00301,SAVINGS,ACTIVE,INR,2019-03-26,,BR168,Gurugram,431978.00,486355.63,0.00,0.00,f,CLASSIC,f,1,t,2026-08-26,30,SILVER,LOW
ACC_000437,CUST_00301,NRE,ACTIVE,INR,2019-03-26,,BR125,Gurugram,830428.00,816621.67,0.00,0.00,f,CLASSIC,f,2,t,2026-08-27,9,SILVER,LOW
ACC_000438,CUST_00302,NRE,ACTIVE,INR,2023-02-11,,BR127,Delhi,264957.00,294227.50,0.00,0.00,f,GOLD,f,2,t,2026-08-30,8,SILVER,LOW
ACC_000439,CUST_00303,SAVINGS,ACTIVE,INR,2020-03-10,,BR160,Hyderabad,725872.00,847853.90,0.00,0.00,f,CLASSIC,f,3,t,2026-09-02,24,GOLD,LOW
ACC_000440,CUST_00304,CURRENT,ACTIVE,INR,2024-03-27,,BR127,Mumbai,327903.00,366148.85,0.00,0.00,f,GOLD,f,3,t,2026-08-28,22,SILVER,MEDIUM
ACC_000441,CUST_00304,CURRENT,ACTIVE,INR,2024-03-27,,BR194,Mumbai,834241.00,977345.67,0.00,0.00,t,GOLD,f,3,t,2026-09-16,29,SILVER,MEDIUM
ACC_000442,CUST_00305,CURRENT,ACTIVE,INR,2016-07-16,,BR185,Bengaluru,584265.00,629635.42,0.00,0.00,f,GOLD,f,1,t,2026-08-23,26,SILVER,LOW
ACC_000443,CUST_00305,NRE,ACTIVE,INR,2016-07-16,,BR182,Bengaluru,218798.00,236925.45,0.00,0.00,f,GOLD,f,3,t,2026-09-12,18,SILVER,LOW
ACC_000444,CUST_00306,SALARY,ACTIVE,INR,2017-05-14,,BR123,Bengaluru,878520.00,888750.10,0.00,0.00,f,CLASSIC,f,2,t,2026-08-29,14,SILVER,LOW
ACC_000445,CUST_00307,CURRENT,ACTIVE,INR,2015-11-18,,BR170,Mumbai,463502.00,441390.49,0.00,0.00,t,GOLD,f,3,t,2026-08-25,11,GOLD,MEDIUM
ACC_000446,CUST_00308,SALARY,ACTIVE,INR,2015-12-01,,BR166,Kolkata,240035.00,209068.38,0.00,0.00,f,GOLD,f,2,t,2026-09-15,27,GOLD,LOW
ACC_000447,CUST_00308,SALARY,ACTIVE,INR,2015-12-01,,BR169,Kolkata,311565.00,338772.07,0.00,0.00,f,CLASSIC,f,1,t,2026-09-13,27,SILVER,LOW
ACC_000448,CUST_00309,CURRENT,ACTIVE,INR,2019-01-07,,BR151,Kolkata,864913.00,735209.53,0.00,0.00,f,GOLD,f,1,t,2026-09-12,16,GOLD,LOW
ACC_000449,CUST_00309,SAVINGS,ACTIVE,INR,2019-01-07,,BR109,Kolkata,149217.00,171673.14,0.00,0.00,f,CLASSIC,f,2,t,2026-09-10,21,SILVER,LOW
ACC_000450,CUST_00310,NRE,ACTIVE,INR,2022-07-07,,BR180,Mumbai,831216.00,923104.49,0.00,0.00,t,GOLD,f,2,t,2026-09-15,8,SILVER,LOW
ACC_000451,CUST_00311,CURRENT,ACTIVE,INR,2021-05-06,,BR168,Delhi,154442.00,132650.11,0.00,0.00,f,GOLD,f,2,t,2026-08-30,31,SILVER,LOW
ACC_000452,CUST_00312,NRE,ACTIVE,INR,2023-06-17,,BR190,Gurugram,80505.00,71288.15,0.00,0.00,f,GOLD,f,2,t,2026-09-01,29,SILVER,LOW
ACC_000453,CUST_00312,SALARY,ACTIVE,INR,2023-06-17,,BR190,Gurugram,433019.00,369960.25,0.00,0.00,t,GOLD,f,3,t,2026-09-18,31,GOLD,LOW
ACC_000454,CUST_00313,CURRENT,ACTIVE,INR,2016-11-09,,BR162,Chennai,458718.00,467407.38,0.00,0.00,f,CLASSIC,f,2,t,2026-08-26,24,GOLD,MEDIUM
ACC_000455,CUST_00313,SAVINGS,ACTIVE,INR,2016-11-09,,BR138,Chennai,213081.00,242558.30,0.00,0.00,f,GOLD,f,1,t,2026-09-17,12,SILVER,MEDIUM
ACC_000456,CUST_00314,NRE,ACTIVE,INR,2024-09-17,,BR143,Mumbai,614421.00,677054.20,0.00,0.00,t,CLASSIC,f,2,t,2026-09-11,18,GOLD,LOW
ACC_000457,CUST_00315,SAVINGS,ACTIVE,INR,2019-10-04,,BR107,Delhi,634220.00,721457.42,0.00,0.00,f,GOLD,f,1,t,2026-08-22,13,SILVER,LOW
ACC_000458,CUST_00315,SALARY,ACTIVE,INR,2019-10-04,,BR130,Delhi,235475.00,200760.23,0.00,0.00,f,GOLD,f,2,t,2026-09-02,20,SILVER,LOW
ACC_000459,CUST_00316,SALARY,ACTIVE,INR,2023-09-21,,BR140,Mumbai,472948.00,535539.85,0.00,0.00,f,GOLD,f,3,t,2026-08-31,14,SILVER,LOW
ACC_000460,CUST_00316,CURRENT,ACTIVE,INR,2023-09-21,,BR149,Mumbai,284370.00,273083.56,0.00,0.00,f,GOLD,f,3,t,2026-08-21,17,SILVER,LOW
ACC_000461,CUST_00317,SALARY,ACTIVE,INR,2017-07-17,,BR183,Pune,392629.00,385475.08,0.00,0.00,f,GOLD,f,1,t,2026-08-25,29,GOLD,MEDIUM
ACC_000462,CUST_00318,NRE,ACTIVE,INR,2016-03-28,,BR147,Delhi,854129.00,943592.64,0.00,0.00,f,GOLD,f,3,t,2026-09-11,16,GOLD,LOW
ACC_000463,CUST_00318,SAVINGS,ACTIVE,INR,2016-03-28,,BR162,Delhi,13435.00,13765.24,0.00,0.00,f,GOLD,f,2,t,2026-08-27,14,SILVER,LOW
ACC_000464,CUST_00319,SAVINGS,ACTIVE,INR,2017-01-27,,BR109,Gurugram,330907.00,281853.55,0.00,0.00,f,GOLD,f,3,t,2026-09-19,8,GOLD,MEDIUM
ACC_000465,CUST_00319,SAVINGS,ACTIVE,INR,2017-01-27,,BR154,Gurugram,876661.00,820976.28,0.00,0.00,f,CLASSIC,f,2,t,2026-09-06,10,SILVER,MEDIUM
ACC_000466,CUST_00320,SALARY,ACTIVE,INR,2017-11-11,,BR157,Gurugram,141762.00,164741.74,0.00,0.00,f,GOLD,f,1,t,2026-08-29,28,SILVER,LOW
ACC_000467,CUST_00321,SALARY,ACTIVE,INR,2016-12-16,,BR163,Kolkata,318301.00,338575.04,0.00,0.00,f,GOLD,f,2,t,2026-08-28,18,SILVER,LOW
ACC_000468,CUST_00322,NRE,ACTIVE,INR,2023-06-14,,BR169,Bengaluru,336270.00,382342.89,0.00,0.00,t,GOLD,f,1,t,2026-09-12,12,SILVER,LOW
ACC_000469,CUST_00323,NRE,ACTIVE,INR,2021-12-17,,BR126,Bengaluru,331371.00,365014.74,0.00,0.00,f,GOLD,f,1,t,2026-09-14,26,GOLD,LOW
ACC_000470,CUST_00323,CURRENT,ACTIVE,INR,2021-12-17,,BR114,Bengaluru,740403.00,826554.28,0.00,0.00,t,CLASSIC,f,2,t,2026-09-04,12,GOLD,LOW
ACC_000471,CUST_00324,NRE,ACTIVE,INR,2020-06-10,,BR172,Pune,827307.00,727743.50,0.00,0.00,f,GOLD,f,3,t,2026-08-23,13,SILVER,HIGH
ACC_000472,CUST_00324,CURRENT,ACTIVE,INR,2020-06-10,,BR168,Pune,742207.00,661102.72,0.00,0.00,f,CLASSIC,f,2,t,2026-09-09,19,GOLD,HIGH
ACC_000473,CUST_00325,NRE,ACTIVE,INR,2016-07-08,,BR114,Pune,857717.00,701443.96,0.00,0.00,f,GOLD,f,2,t,2026-09-01,18,SILVER,MEDIUM
ACC_000474,CUST_00326,CURRENT,ACTIVE,INR,2022-02-19,,BR109,Hyderabad,622038.00,527852.71,0.00,0.00,t,GOLD,f,2,t,2026-09-15,11,SILVER,LOW
ACC_000475,CUST_00326,CURRENT,ACTIVE,INR,2022-02-19,,BR105,Hyderabad,452682.00,363171.21,0.00,0.00,f,GOLD,f,1,t,2026-09-03,30,GOLD,LOW
ACC_000476,CUST_00327,CURRENT,ACTIVE,INR,2022-06-09,,BR107,Chennai,165851.00,153494.01,0.00,0.00,f,CLASSIC,f,1,t,2026-08-31,19,GOLD,LOW
ACC_000477,CUST_00328,SAVINGS,ACTIVE,INR,2023-11-21,,BR141,Chennai,460153.00,415287.50,0.00,0.00,f,GOLD,f,2,t,2026-09-04,22,SILVER,MEDIUM
ACC_000478,CUST_00328,SALARY,ACTIVE,INR,2023-11-21,,BR120,Chennai,750725.00,877820.77,0.00,0.00,f,GOLD,f,2,t,2026-09-15,12,SILVER,MEDIUM
ACC_000479,CUST_00329,CURRENT,ACTIVE,INR,2024-06-21,,BR153,Hyderabad,889160.00,897113.26,0.00,0.00,f,CLASSIC,f,1,t,2026-09-05,20,SILVER,LOW
ACC_000480,CUST_00330,NRE,ACTIVE,INR,2023-04-15,,BR155,Hyderabad,847584.00,967375.86,0.00,0.00,t,GOLD,f,3,t,2026-08-29,31,GOLD,LOW
ACC_000481,CUST_00330,SAVINGS,ACTIVE,INR,2023-04-15,,BR121,Hyderabad,473003.00,536942.33,0.00,0.00,f,GOLD,f,2,t,2026-09-05,29,GOLD,LOW
ACC_000482,CUST_00331,SAVINGS,ACTIVE,INR,2019-01-26,,BR106,Hyderabad,871531.00,826147.61,0.00,0.00,f,CLASSIC,f,3,t,2026-09-05,26,SILVER,LOW
ACC_000483,CUST_00331,CURRENT,ACTIVE,INR,2019-01-26,,BR161,Hyderabad,74701.00,65042.60,0.00,0.00,f,CLASSIC,f,3,t,2026-09-04,28,SILVER,LOW
ACC_000484,CUST_00332,SAVINGS,ACTIVE,INR,2020-02-06,,BR172,Pune,87350.00,83368.43,0.00,0.00,f,CLASSIC,f,1,t,2026-08-30,28,SILVER,LOW
ACC_000485,CUST_00332,CURRENT,ACTIVE,INR,2020-02-06,,BR127,Pune,166384.00,170962.51,0.00,0.00,f,GOLD,f,3,t,2026-08-27,20,SILVER,LOW
ACC_000486,CUST_00333,SAVINGS,ACTIVE,INR,2023-04-20,,BR165,Mumbai,112135.00,125832.86,0.00,0.00,f,GOLD,f,1,t,2026-08-24,12,GOLD,MEDIUM
ACC_000487,CUST_00334,SAVINGS,ACTIVE,INR,2017-08-27,,BR173,Gurugram,405971.00,341769.31,0.00,0.00,f,GOLD,f,2,t,2026-08-28,23,GOLD,LOW
ACC_000488,CUST_00334,NRE,ACTIVE,INR,2017-08-27,,BR101,Gurugram,501967.00,553984.91,0.00,0.00,f,CLASSIC,f,3,t,2026-09-04,8,GOLD,LOW
ACC_000489,CUST_00335,SAVINGS,ACTIVE,INR,2018-03-12,,BR136,Pune,439277.00,510152.57,0.00,0.00,f,CLASSIC,f,1,t,2026-09-04,25,SILVER,LOW
ACC_000490,CUST_00335,NRE,ACTIVE,INR,2018-03-12,,BR197,Pune,857223.00,735860.04,0.00,0.00,f,GOLD,f,1,t,2026-08-31,24,GOLD,LOW
ACC_000491,CUST_00336,CURRENT,ACTIVE,INR,2018-09-18,,BR127,Delhi,111860.00,103053.99,0.00,0.00,f,GOLD,f,2,t,2026-08-23,30,SILVER,LOW
ACC_000492,CUST_00337,SAVINGS,ACTIVE,INR,2017-10-13,,BR168,Gurugram,468287.00,487701.81,0.00,0.00,f,CLASSIC,f,1,t,2026-08-29,18,GOLD,LOW
ACC_000493,CUST_00337,SAVINGS,ACTIVE,INR,2017-10-13,,BR118,Gurugram,294287.00,266661.00,0.00,0.00,f,CLASSIC,f,2,t,2026-08-31,27,SILVER,LOW
ACC_000494,CUST_00338,SAVINGS,ACTIVE,INR,2020-03-11,,BR172,Delhi,423679.00,441423.38,0.00,0.00,f,CLASSIC,f,1,t,2026-09-06,14,SILVER,MEDIUM
ACC_000495,CUST_00339,SALARY,ACTIVE,INR,2019-09-28,,BR133,Hyderabad,172659.00,142637.54,0.00,0.00,f,GOLD,f,3,t,2026-09-18,10,GOLD,LOW
ACC_000496,CUST_00340,NRE,ACTIVE,INR,2018-06-03,,BR154,Kolkata,865509.00,967858.47,0.00,0.00,f,GOLD,f,1,t,2026-08-28,25,SILVER,HIGH
ACC_000497,CUST_00340,SAVINGS,ACTIVE,INR,2018-06-03,,BR171,Kolkata,746355.00,838909.34,0.00,0.00,f,GOLD,f,1,t,2026-09-19,22,GOLD,HIGH
ACC_000498,CUST_00341,NRE,ACTIVE,INR,2016-08-26,,BR197,Bengaluru,212498.00,188215.92,0.00,0.00,f,CLASSIC,f,2,t,2026-09-09,12,SILVER,LOW
ACC_000499,CUST_00341,CURRENT,ACTIVE,INR,2016-08-26,,BR183,Bengaluru,717330.00,851374.49,0.00,0.00,f,GOLD,f,1,t,2026-08-30,24,GOLD,LOW
ACC_000500,CUST_00342,SALARY,ACTIVE,INR,2020-05-13,,BR191,Delhi,52438.00,55364.23,0.00,0.00,t,GOLD,f,1,t,2026-08-26,16,SILVER,LOW
ACC_000501,CUST_00342,CURRENT,ACTIVE,INR,2020-05-13,,BR143,Delhi,841974.00,942384.15,0.00,0.00,f,CLASSIC,f,3,t,2026-08-26,9,GOLD,LOW
ACC_000502,CUST_00343,NRE,ACTIVE,INR,2022-05-05,,BR116,Mumbai,796484.00,736768.74,0.00,0.00,f,GOLD,f,1,t,2026-09-17,27,SILVER,LOW
ACC_000503,CUST_00344,NRE,ACTIVE,INR,2018-12-21,,BR162,Kolkata,565420.00,633221.17,0.00,0.00,f,GOLD,f,1,t,2026-08-31,13,GOLD,LOW
ACC_000504,CUST_00344,SAVINGS,ACTIVE,INR,2018-12-21,,BR104,Kolkata,17041.00,15828.85,0.00,0.00,f,GOLD,f,2,t,2026-09-14,26,SILVER,LOW
ACC_000505,CUST_00345,CURRENT,ACTIVE,INR,2023-06-12,,BR146,Hyderabad,70390.00,68542.62,0.00,0.00,f,CLASSIC,f,2,t,2026-08-23,29,GOLD,LOW
ACC_000506,CUST_00346,SALARY,ACTIVE,INR,2023-03-07,,BR177,Mumbai,166860.00,143859.01,0.00,0.00,t,CLASSIC,f,3,t,2026-09-15,22,GOLD,LOW
ACC_000507,CUST_00346,SAVINGS,ACTIVE,INR,2023-03-07,,BR172,Mumbai,72830.00,67973.06,0.00,0.00,f,GOLD,f,1,t,2026-08-24,11,GOLD,LOW
ACC_000508,CUST_00347,SALARY,ACTIVE,INR,2016-10-24,,BR187,Kolkata,736461.00,610687.13,0.00,0.00,t,GOLD,f,2,t,2026-09-04,22,GOLD,LOW
ACC_000509,CUST_00347,CURRENT,ACTIVE,INR,2016-10-24,,BR140,Kolkata,119466.00,134312.99,0.00,0.00,f,CLASSIC,f,1,t,2026-09-06,13,GOLD,LOW
ACC_000510,CUST_00348,CURRENT,ACTIVE,INR,2020-08-06,,BR101,Mumbai,270398.00,222569.47,0.00,0.00,t,GOLD,f,2,t,2026-09-08,24,GOLD,LOW
ACC_000511,CUST_00349,NRE,ACTIVE,INR,2017-03-08,,BR115,Hyderabad,804831.00,647484.65,0.00,0.00,f,CLASSIC,f,2,t,2026-09-17,13,SILVER,LOW
ACC_000512,CUST_00349,SAVINGS,ACTIVE,INR,2017-03-08,,BR161,Hyderabad,549488.00,556262.33,0.00,0.00,t,CLASSIC,f,1,t,2026-08-30,29,SILVER,LOW
ACC_000513,CUST_00350,NRE,ACTIVE,INR,2016-09-03,,BR101,Pune,902422.00,912471.36,0.00,0.00,f,GOLD,f,1,t,2026-08-23,15,SILVER,LOW
ACC_000514,CUST_00350,NRE,ACTIVE,INR,2016-09-03,,BR173,Pune,321105.00,319357.28,0.00,0.00,f,CLASSIC,f,2,t,2026-08-29,30,GOLD,LOW
ACC_000515,CUST_00351,SALARY,ACTIVE,INR,2017-10-28,,BR118,Bengaluru,669568.00,665004.53,0.00,0.00,t,CLASSIC,f,3,t,2026-09-15,19,GOLD,LOW
ACC_000516,CUST_00352,CURRENT,ACTIVE,INR,2016-12-16,,BR130,Gurugram,519922.00,544706.19,0.00,0.00,f,GOLD,f,3,t,2026-09-17,10,SILVER,LOW
ACC_000517,CUST_00353,CURRENT,ACTIVE,INR,2015-08-09,,BR100,Kolkata,466626.00,453536.28,0.00,0.00,f,CLASSIC,f,3,t,2026-08-22,10,SILVER,LOW
ACC_000518,CUST_00353,SAVINGS,ACTIVE,INR,2015-08-09,,BR175,Kolkata,18551.00,21829.23,0.00,0.00,f,CLASSIC,f,2,t,2026-09-01,22,SILVER,LOW
ACC_000519,CUST_00354,SALARY,ACTIVE,INR,2018-02-02,,BR140,Kolkata,359157.00,423981.87,0.00,0.00,f,GOLD,f,2,t,2026-09-02,29,SILVER,MEDIUM
ACC_000520,CUST_00354,SALARY,ACTIVE,INR,2018-02-02,,BR131,Kolkata,207640.00,196309.64,0.00,0.00,f,GOLD,f,2,t,2026-09-14,19,SILVER,MEDIUM
ACC_000521,CUST_00355,NRE,ACTIVE,INR,2019-01-20,,BR174,Hyderabad,202034.00,230408.83,0.00,0.00,f,CLASSIC,f,1,t,2026-09-06,11,SILVER,HIGH
ACC_000522,CUST_00356,SALARY,ACTIVE,INR,2020-11-08,,BR198,Mumbai,727881.00,842609.56,0.00,0.00,f,CLASSIC,f,3,t,2026-08-24,13,SILVER,LOW
ACC_000523,CUST_00357,CURRENT,ACTIVE,INR,2016-04-15,,BR147,Chennai,538213.00,569170.23,0.00,0.00,f,GOLD,f,3,t,2026-09-18,30,GOLD,MEDIUM
ACC_000524,CUST_00357,SALARY,ACTIVE,INR,2016-04-15,,BR108,Chennai,106251.00,96605.20,0.00,0.00,f,GOLD,f,1,t,2026-09-04,28,SILVER,MEDIUM
ACC_000525,CUST_00358,CURRENT,ACTIVE,INR,2022-02-16,,BR105,Bengaluru,599447.00,579938.66,0.00,0.00,f,CLASSIC,f,2,t,2026-08-27,16,SILVER,LOW
ACC_000526,CUST_00358,SAVINGS,ACTIVE,INR,2022-02-16,,BR162,Bengaluru,551132.00,487819.45,0.00,0.00,t,GOLD,f,1,t,2026-09-08,13,GOLD,LOW
ACC_000527,CUST_00359,SAVINGS,ACTIVE,INR,2020-03-28,,BR115,Chennai,375474.00,382723.40,0.00,0.00,f,GOLD,f,1,t,2026-09-16,14,GOLD,MEDIUM
ACC_000528,CUST_00359,SALARY,ACTIVE,INR,2020-03-28,,BR126,Chennai,44106.00,49191.84,0.00,0.00,f,CLASSIC,f,1,t,2026-09-03,14,GOLD,MEDIUM
ACC_000529,CUST_00360,NRE,ACTIVE,INR,2018-05-26,,BR115,Gurugram,111942.00,130657.29,0.00,0.00,f,CLASSIC,f,2,t,2026-08-26,30,GOLD,LOW
ACC_000530,CUST_00361,SAVINGS,ACTIVE,INR,2023-10-02,,BR196,Delhi,689228.00,726686.05,0.00,0.00,t,CLASSIC,f,1,t,2026-09-10,14,SILVER,LOW
ACC_000531,CUST_00362,SAVINGS,ACTIVE,INR,2020-05-14,,BR109,Kolkata,621589.00,699048.48,0.00,0.00,f,CLASSIC,f,1,t,2026-08-31,27,GOLD,LOW
ACC_000532,CUST_00362,NRE,ACTIVE,INR,2020-05-14,,BR185,Kolkata,649358.00,673735.06,0.00,0.00,f,GOLD,f,3,t,2026-08-25,8,GOLD,LOW
ACC_000533,CUST_00363,NRE,ACTIVE,INR,2015-01-18,,BR100,Pune,756820.00,700986.71,0.00,0.00,f,CLASSIC,f,3,t,2026-08-25,29,SILVER,LOW
ACC_000534,CUST_00364,SAVINGS,ACTIVE,INR,2020-06-16,,BR183,Mumbai,610970.00,675169.36,0.00,0.00,f,CLASSIC,f,1,t,2026-08-31,20,SILVER,LOW
ACC_000535,CUST_00364,CURRENT,ACTIVE,INR,2020-06-16,,BR163,Mumbai,93122.00,77851.34,0.00,0.00,f,CLASSIC,f,2,t,2026-09-16,29,GOLD,LOW
ACC_000536,CUST_00365,CURRENT,ACTIVE,INR,2016-07-06,,BR132,Delhi,605204.00,531819.73,0.00,0.00,f,CLASSIC,f,3,t,2026-09-05,8,SILVER,MEDIUM
ACC_000537,CUST_00365,SALARY,ACTIVE,INR,2016-07-06,,BR100,Delhi,684708.00,712414.25,0.00,0.00,t,GOLD,f,3,t,2026-09-17,26,SILVER,MEDIUM
ACC_000538,CUST_00366,SAVINGS,ACTIVE,INR,2023-11-20,,BR106,Hyderabad,598166.00,586917.20,0.00,0.00,f,CLASSIC,f,2,t,2026-08-21,24,GOLD,MEDIUM
ACC_000539,CUST_00366,CURRENT,ACTIVE,INR,2023-11-20,,BR164,Hyderabad,452967.00,414479.25,0.00,0.00,f,GOLD,f,2,t,2026-09-09,10,SILVER,MEDIUM
ACC_000540,CUST_00367,SAVINGS,ACTIVE,INR,2017-06-16,,BR184,Kolkata,400620.00,422073.07,0.00,0.00,t,GOLD,f,3,t,2026-09-16,21,SILVER,MEDIUM
ACC_000541,CUST_00367,SALARY,ACTIVE,INR,2017-06-16,,BR138,Kolkata,271682.00,255522.57,0.00,0.00,f,GOLD,f,1,t,2026-08-30,13,GOLD,MEDIUM
ACC_000542,CUST_00368,SAVINGS,ACTIVE,INR,2016-05-20,,BR129,Delhi,508007.00,595825.20,0.00,0.00,f,GOLD,f,2,t,2026-08-27,23,SILVER,LOW
ACC_000543,CUST_00369,SALARY,ACTIVE,INR,2015-02-15,,BR157,Chennai,841875.00,880788.34,0.00,0.00,f,CLASSIC,f,2,t,2026-09-11,10,GOLD,LOW
ACC_000544,CUST_00369,SALARY,ACTIVE,INR,2015-02-15,,BR182,Chennai,572815.00,592700.26,0.00,0.00,f,GOLD,f,1,t,2026-08-31,8,SILVER,LOW
ACC_000545,CUST_00370,NRE,ACTIVE,INR,2021-05-08,,BR136,Pune,56028.00,61772.53,0.00,0.00,f,GOLD,f,1,t,2026-08-28,30,GOLD,LOW
ACC_000546,CUST_00371,NRE,ACTIVE,INR,2017-04-16,,BR118,Delhi,728284.00,734043.38,0.00,0.00,t,CLASSIC,f,3,t,2026-09-11,16,GOLD,MEDIUM
ACC_000547,CUST_00372,CURRENT,ACTIVE,INR,2016-11-15,,BR133,Gurugram,581004.00,622605.68,0.00,0.00,f,GOLD,f,1,t,2026-08-30,32,GOLD,LOW
ACC_000548,CUST_00373,SAVINGS,ACTIVE,INR,2019-08-28,,BR177,Gurugram,547151.00,438087.55,0.00,0.00,f,GOLD,f,2,t,2026-09-19,30,GOLD,MEDIUM
ACC_000549,CUST_00374,NRE,ACTIVE,INR,2020-05-25,,BR193,Hyderabad,787560.00,643198.78,0.00,0.00,f,CLASSIC,f,1,t,2026-09-02,10,SILVER,LOW
ACC_000550,CUST_00374,SAVINGS,ACTIVE,INR,2020-05-25,,BR105,Hyderabad,211856.00,223249.37,0.00,0.00,f,CLASSIC,f,1,t,2026-08-21,27,SILVER,LOW
ACC_000551,CUST_00375,NRE,ACTIVE,INR,2015-01-22,,BR142,Gurugram,815394.00,884170.87,0.00,0.00,f,CLASSIC,f,3,t,2026-09-09,31,GOLD,MEDIUM
ACC_000552,CUST_00375,CURRENT,ACTIVE,INR,2015-01-22,,BR192,Gurugram,632614.00,645238.07,0.00,0.00,f,GOLD,f,3,t,2026-08-30,25,SILVER,MEDIUM
ACC_000553,CUST_00376,SAVINGS,ACTIVE,INR,2021-11-03,,BR124,Chennai,382476.00,424744.54,0.00,0.00,f,CLASSIC,f,2,t,2026-08-25,20,SILVER,LOW
ACC_000554,CUST_00376,SAVINGS,ACTIVE,INR,2021-11-03,,BR184,Chennai,81249.00,97006.64,0.00,0.00,t,GOLD,f,3,t,2026-08-31,27,SILVER,LOW
ACC_000555,CUST_00377,SALARY,ACTIVE,INR,2016-12-05,,BR165,Kolkata,131370.00,135762.67,0.00,0.00,f,CLASSIC,f,3,t,2026-09-15,8,SILVER,LOW
ACC_000556,CUST_00377,SALARY,ACTIVE,INR,2016-12-05,,BR110,Kolkata,391648.00,429604.28,0.00,0.00,f,CLASSIC,f,1,t,2026-09-10,31,GOLD,LOW
ACC_000557,CUST_00378,SALARY,ACTIVE,INR,2015-08-01,,BR188,Chennai,497784.00,574149.40,0.00,0.00,t,GOLD,f,3,t,2026-08-26,21,GOLD,LOW
ACC_000558,CUST_00378,NRE,ACTIVE,INR,2015-08-01,,BR138,Chennai,783091.00,742869.56,0.00,0.00,f,CLASSIC,f,3,t,2026-09-16,29,SILVER,LOW
ACC_000559,CUST_00379,SAVINGS,ACTIVE,INR,2020-01-06,,BR133,Pune,643866.00,584719.62,0.00,0.00,f,GOLD,f,2,t,2026-09-08,19,GOLD,LOW
ACC_000560,CUST_00380,NRE,ACTIVE,INR,2017-02-13,,BR187,Hyderabad,195756.00,216313.89,0.00,0.00,f,CLASSIC,f,1,t,2026-09-11,28,SILVER,MEDIUM
ACC_000561,CUST_00380,SAVINGS,ACTIVE,INR,2017-02-13,,BR196,Hyderabad,366110.00,346519.23,0.00,0.00,f,GOLD,f,2,t,2026-09-17,25,GOLD,MEDIUM
ACC_000562,CUST_00381,NRE,ACTIVE,INR,2024-06-07,,BR155,Delhi,524027.00,593096.20,0.00,0.00,t,GOLD,f,1,t,2026-09-15,23,GOLD,LOW
ACC_000563,CUST_00381,SALARY,ACTIVE,INR,2024-06-07,,BR184,Delhi,896807.00,725899.18,0.00,0.00,f,GOLD,f,2,t,2026-09-15,17,SILVER,LOW
ACC_000564,CUST_00382,SAVINGS,ACTIVE,INR,2015-07-23,,BR130,Pune,777079.00,694461.56,0.00,0.00,f,CLASSIC,f,3,t,2026-09-18,21,SILVER,LOW
ACC_000565,CUST_00382,NRE,ACTIVE,INR,2015-07-23,,BR174,Pune,680814.00,565613.10,0.00,0.00,f,GOLD,f,3,t,2026-08-24,16,SILVER,LOW
ACC_000566,CUST_00383,SAVINGS,ACTIVE,INR,2018-11-19,,BR131,Gurugram,60603.00,52660.28,0.00,0.00,f,GOLD,f,1,t,2026-09-05,18,SILVER,LOW
ACC_000567,CUST_00384,SALARY,ACTIVE,INR,2016-03-16,,BR184,Chennai,436974.00,462438.29,0.00,0.00,f,CLASSIC,f,3,t,2026-08-21,10,GOLD,MEDIUM
ACC_000568,CUST_00384,NRE,ACTIVE,INR,2016-03-16,,BR122,Chennai,534184.00,518123.38,0.00,0.00,f,CLASSIC,f,1,t,2026-08-28,30,SILVER,MEDIUM
ACC_000569,CUST_00385,CURRENT,ACTIVE,INR,2017-08-23,,BR166,Mumbai,30815.00,26850.80,0.00,0.00,f,GOLD,f,2,t,2026-09-08,15,SILVER,LOW
ACC_000570,CUST_00386,NRE,ACTIVE,INR,2024-06-01,,BR161,Mumbai,748008.00,600792.97,0.00,0.00,t,CLASSIC,f,1,t,2026-08-27,19,SILVER,LOW
ACC_000571,CUST_00387,CURRENT,ACTIVE,INR,2015-11-18,,BR129,Mumbai,260382.00,260045.43,0.00,0.00,f,GOLD,f,3,t,2026-09-01,8,GOLD,MEDIUM
ACC_000572,CUST_00388,NRE,ACTIVE,INR,2023-07-26,,BR149,Delhi,780444.00,894905.65,0.00,0.00,f,GOLD,f,1,t,2026-08-21,23,SILVER,LOW
ACC_000573,CUST_00389,NRE,ACTIVE,INR,2015-01-09,,BR168,Delhi,624912.00,687740.74,0.00,0.00,t,GOLD,f,3,t,2026-08-21,21,SILVER,MEDIUM
ACC_000574,CUST_00389,NRE,ACTIVE,INR,2015-01-09,,BR165,Delhi,621978.00,553230.41,0.00,0.00,f,CLASSIC,f,3,t,2026-09-16,16,GOLD,MEDIUM
ACC_000575,CUST_00390,SALARY,ACTIVE,INR,2020-11-04,,BR190,Mumbai,255806.00,254242.46,0.00,0.00,t,CLASSIC,f,3,t,2026-09-02,22,GOLD,HIGH
ACC_000576,CUST_00390,CURRENT,ACTIVE,INR,2020-11-04,,BR108,Mumbai,548565.00,586663.37,0.00,0.00,f,GOLD,f,1,t,2026-08-27,26,GOLD,HIGH
ACC_000577,CUST_00391,SALARY,ACTIVE,INR,2024-06-04,,BR156,Hyderabad,577123.00,465659.50,0.00,0.00,f,CLASSIC,f,2,t,2026-08-25,24,GOLD,LOW
ACC_000578,CUST_00392,CURRENT,ACTIVE,INR,2024-08-12,,BR164,Hyderabad,470690.00,498628.77,0.00,0.00,f,CLASSIC,f,3,t,2026-09-05,18,GOLD,LOW
ACC_000579,CUST_00393,CURRENT,ACTIVE,INR,2019-01-17,,BR150,Chennai,711903.00,709346.40,0.00,0.00,f,GOLD,f,3,t,2026-09-07,29,GOLD,HIGH
ACC_000580,CUST_00394,CURRENT,ACTIVE,INR,2015-10-21,,BR166,Pune,660156.00,752041.26,0.00,0.00,f,GOLD,f,3,t,2026-09-04,24,SILVER,LOW
ACC_000581,CUST_00394,NRE,ACTIVE,INR,2015-10-21,,BR177,Pune,629226.00,539476.08,0.00,0.00,f,CLASSIC,f,1,t,2026-09-10,22,GOLD,LOW
ACC_000582,CUST_00395,SALARY,ACTIVE,INR,2019-06-03,,BR158,Pune,442745.00,505310.74,0.00,0.00,t,GOLD,f,2,t,2026-09-08,31,SILVER,LOW
ACC_000583,CUST_00396,CURRENT,ACTIVE,INR,2019-03-28,,BR129,Bengaluru,778168.00,822407.98,0.00,0.00,f,GOLD,f,3,t,2026-08-23,17,GOLD,LOW
ACC_000584,CUST_00397,SAVINGS,ACTIVE,INR,2017-04-23,,BR107,Gurugram,867967.00,960291.84,0.00,0.00,t,GOLD,f,2,t,2026-08-25,32,SILVER,LOW
ACC_000585,CUST_00398,SAVINGS,ACTIVE,INR,2015-11-07,,BR144,Chennai,72322.00,76033.15,0.00,0.00,f,GOLD,f,1,t,2026-09-11,21,GOLD,LOW
ACC_000586,CUST_00398,SALARY,ACTIVE,INR,2015-11-07,,BR122,Chennai,728784.00,654947.54,0.00,0.00,f,CLASSIC,f,1,t,2026-09-19,20,SILVER,LOW
ACC_000587,CUST_00399,SALARY,ACTIVE,INR,2018-04-19,,BR108,Chennai,146904.00,150303.23,0.00,0.00,t,GOLD,f,3,t,2026-09-18,14,GOLD,LOW
ACC_000588,CUST_00400,SALARY,ACTIVE,INR,2015-09-22,,BR190,Gurugram,783943.00,668192.63,0.00,0.00,f,GOLD,f,3,t,2026-09-09,30,SILVER,LOW
ACC_000589,CUST_00400,SALARY,ACTIVE,INR,2015-09-22,,BR132,Gurugram,194616.00,177135.30,0.00,0.00,f,GOLD,f,2,t,2026-09-15,10,SILVER,LOW
ACC_000590,CUST_00401,SAVINGS,ACTIVE,INR,2022-01-10,,BR118,Mumbai,586186.00,487790.00,0.00,0.00,t,CLASSIC,f,2,t,2026-09-18,15,SILVER,MEDIUM
ACC_000591,CUST_00401,SALARY,ACTIVE,INR,2022-01-10,,BR149,Mumbai,450133.00,485804.03,0.00,0.00,f,GOLD,f,1,t,2026-09-06,12,SILVER,MEDIUM
ACC_000592,CUST_00402,SALARY,ACTIVE,INR,2020-06-14,,BR147,Delhi,831335.00,842848.80,0.00,0.00,t,CLASSIC,f,2,t,2026-08-28,21,GOLD,LOW
ACC_000593,CUST_00402,NRE,ACTIVE,INR,2020-06-14,,BR190,Delhi,711742.00,656052.10,0.00,0.00,t,CLASSIC,f,3,t,2026-08-26,12,SILVER,LOW
ACC_000594,CUST_00403,SAVINGS,ACTIVE,INR,2019-05-15,,BR161,Bengaluru,497307.00,520743.81,0.00,0.00,f,GOLD,f,2,t,2026-08-29,17,GOLD,LOW
ACC_000595,CUST_00404,CURRENT,ACTIVE,INR,2016-08-07,,BR127,Bengaluru,324748.00,382360.40,0.00,0.00,f,GOLD,f,2,t,2026-09-07,13,GOLD,MEDIUM
ACC_000596,CUST_00405,NRE,ACTIVE,INR,2021-02-05,,BR167,Chennai,272484.00,312198.07,0.00,0.00,f,CLASSIC,f,1,t,2026-09-09,24,SILVER,LOW
ACC_000597,CUST_00405,SAVINGS,ACTIVE,INR,2021-02-05,,BR130,Chennai,772003.00,804964.62,0.00,0.00,f,GOLD,f,3,t,2026-09-18,11,SILVER,LOW
ACC_000598,CUST_00406,SALARY,ACTIVE,INR,2023-01-25,,BR100,Bengaluru,425407.00,403473.56,0.00,0.00,f,CLASSIC,f,2,t,2026-09-11,19,SILVER,MEDIUM
ACC_000599,CUST_00407,SALARY,ACTIVE,INR,2016-03-11,,BR195,Mumbai,177771.00,154353.03,0.00,0.00,f,GOLD,f,1,t,2026-09-15,14,GOLD,LOW
ACC_000600,CUST_00408,SAVINGS,ACTIVE,INR,2022-07-13,,BR127,Chennai,572196.00,567531.18,0.00,0.00,f,CLASSIC,f,1,t,2026-09-15,11,GOLD,LOW
ACC_000601,CUST_00408,NRE,ACTIVE,INR,2022-07-13,,BR149,Chennai,339839.00,340240.62,0.00,0.00,t,GOLD,f,3,t,2026-09-07,20,GOLD,LOW
ACC_000602,CUST_00409,SALARY,ACTIVE,INR,2016-08-04,,BR123,Pune,402024.00,463753.55,0.00,0.00,f,GOLD,f,1,t,2026-09-03,26,GOLD,MEDIUM
ACC_000603,CUST_00409,SALARY,ACTIVE,INR,2016-08-04,,BR198,Pune,277471.00,315898.71,0.00,0.00,f,GOLD,f,1,t,2026-09-07,11,GOLD,MEDIUM
ACC_000604,CUST_00410,SAVINGS,ACTIVE,INR,2024-06-15,,BR183,Chennai,638414.00,598442.37,0.00,0.00,t,GOLD,f,2,t,2026-09-02,32,SILVER,LOW
ACC_000605,CUST_00411,CURRENT,ACTIVE,INR,2015-07-25,,BR109,Mumbai,691989.00,826530.65,0.00,0.00,f,CLASSIC,f,3,t,2026-08-31,32,SILVER,LOW
ACC_000606,CUST_00412,CURRENT,ACTIVE,INR,2024-05-25,,BR170,Mumbai,68016.00,57193.45,0.00,0.00,f,GOLD,f,3,t,2026-09-08,26,GOLD,LOW
ACC_000607,CUST_00412,SALARY,ACTIVE,INR,2024-05-25,,BR161,Mumbai,419416.00,470145.70,0.00,0.00,f,GOLD,f,3,t,2026-09-01,31,SILVER,LOW
ACC_000608,CUST_00413,SALARY,ACTIVE,INR,2017-05-18,,BR148,Delhi,329938.00,361732.41,0.00,0.00,f,GOLD,f,1,t,2026-08-29,21,SILVER,LOW
ACC_000609,CUST_00414,SALARY,ACTIVE,INR,2023-05-06,,BR162,Pune,360290.00,415516.53,0.00,0.00,f,GOLD,f,3,t,2026-08-28,22,SILVER,LOW
ACC_000610,CUST_00415,SALARY,ACTIVE,INR,2018-11-07,,BR187,Hyderabad,552735.00,452752.56,0.00,0.00,t,GOLD,f,2,t,2026-08-28,11,SILVER,LOW
ACC_000611,CUST_00416,SALARY,ACTIVE,INR,2018-06-04,,BR165,Pune,490771.00,510966.81,0.00,0.00,f,CLASSIC,f,1,t,2026-08-27,27,GOLD,MEDIUM
ACC_000612,CUST_00417,CURRENT,ACTIVE,INR,2015-08-08,,BR156,Kolkata,329245.00,380509.29,0.00,0.00,f,GOLD,f,1,t,2026-08-21,22,GOLD,LOW
ACC_000613,CUST_00418,SAVINGS,ACTIVE,INR,2021-08-25,,BR146,Mumbai,589194.00,500034.16,0.00,0.00,t,GOLD,f,3,t,2026-09-15,29,GOLD,HIGH
ACC_000614,CUST_00419,SAVINGS,ACTIVE,INR,2023-05-25,,BR153,Hyderabad,398231.00,405690.99,0.00,0.00,f,GOLD,f,1,t,2026-09-15,31,GOLD,LOW
ACC_000615,CUST_00420,NRE,ACTIVE,INR,2023-06-16,,BR135,Bengaluru,619983.00,649782.46,0.00,0.00,f,CLASSIC,f,1,t,2026-09-06,15,SILVER,MEDIUM
ACC_000616,CUST_00420,CURRENT,ACTIVE,INR,2023-06-16,,BR118,Bengaluru,34675.00,32501.28,0.00,0.00,f,GOLD,f,2,t,2026-09-15,21,SILVER,MEDIUM
ACC_000617,CUST_00421,NRE,ACTIVE,INR,2022-04-19,,BR100,Pune,520176.00,450290.63,0.00,0.00,f,CLASSIC,f,2,t,2026-09-02,16,GOLD,LOW
ACC_000618,CUST_00422,CURRENT,ACTIVE,INR,2019-02-16,,BR121,Delhi,136269.00,135878.90,0.00,0.00,f,GOLD,f,1,t,2026-09-05,25,SILVER,LOW
ACC_000619,CUST_00422,CURRENT,ACTIVE,INR,2019-02-16,,BR158,Delhi,575997.00,550927.09,0.00,0.00,f,CLASSIC,f,1,t,2026-08-25,26,SILVER,LOW
ACC_000620,CUST_00423,CURRENT,ACTIVE,INR,2019-01-20,,BR192,Hyderabad,606342.00,566195.93,0.00,0.00,f,CLASSIC,f,1,t,2026-08-29,13,GOLD,MEDIUM
ACC_000621,CUST_00424,NRE,ACTIVE,INR,2022-02-22,,BR100,Chennai,506888.00,517222.73,0.00,0.00,t,GOLD,f,2,t,2026-09-04,29,SILVER,LOW
ACC_000622,CUST_00425,SALARY,ACTIVE,INR,2015-06-10,,BR165,Pune,90198.00,90940.99,0.00,0.00,f,CLASSIC,f,2,t,2026-09-08,13,SILVER,LOW
ACC_000623,CUST_00425,SALARY,ACTIVE,INR,2015-06-10,,BR149,Pune,427859.00,379805.44,0.00,0.00,f,CLASSIC,f,2,t,2026-08-22,11,SILVER,LOW
ACC_000624,CUST_00426,SAVINGS,ACTIVE,INR,2017-10-03,,BR125,Bengaluru,569848.00,536316.84,0.00,0.00,f,CLASSIC,f,1,t,2026-09-15,30,GOLD,LOW
ACC_000625,CUST_00427,NRE,ACTIVE,INR,2023-02-08,,BR190,Bengaluru,503796.00,499214.11,0.00,0.00,t,GOLD,f,3,t,2026-09-07,12,SILVER,LOW
ACC_000626,CUST_00428,NRE,ACTIVE,INR,2016-08-14,,BR112,Bengaluru,106393.00,125507.87,0.00,0.00,f,CLASSIC,f,1,t,2026-09-01,27,SILVER,LOW
ACC_000627,CUST_00429,SALARY,ACTIVE,INR,2019-06-07,,BR185,Pune,208927.00,200472.72,0.00,0.00,t,GOLD,f,1,t,2026-09-17,15,GOLD,LOW
ACC_000628,CUST_00429,NRE,ACTIVE,INR,2019-06-07,,BR110,Pune,159090.00,145203.55,0.00,0.00,f,CLASSIC,f,3,t,2026-09-04,25,GOLD,LOW
ACC_000629,CUST_00430,NRE,ACTIVE,INR,2019-04-20,,BR142,Mumbai,565539.00,464951.97,0.00,0.00,f,CLASSIC,f,1,t,2026-09-19,27,GOLD,LOW
ACC_000630,CUST_00430,NRE,ACTIVE,INR,2019-04-20,,BR151,Mumbai,272370.00,298263.62,0.00,0.00,f,CLASSIC,f,1,t,2026-08-31,9,GOLD,LOW
ACC_000631,CUST_00431,SALARY,ACTIVE,INR,2016-12-28,,BR106,Kolkata,506886.00,486566.37,0.00,0.00,f,CLASSIC,f,1,t,2026-09-19,12,GOLD,LOW
ACC_000632,CUST_00431,NRE,ACTIVE,INR,2016-12-28,,BR110,Kolkata,507049.00,479668.01,0.00,0.00,f,CLASSIC,f,1,t,2026-09-11,16,GOLD,LOW
ACC_000633,CUST_00432,NRE,ACTIVE,INR,2016-05-27,,BR178,Chennai,332635.00,343733.74,0.00,0.00,f,CLASSIC,f,2,t,2026-09-10,8,SILVER,HIGH
ACC_000634,CUST_00432,SAVINGS,ACTIVE,INR,2016-05-27,,BR183,Chennai,12465.00,13313.03,0.00,0.00,f,CLASSIC,f,1,t,2026-08-29,13,SILVER,HIGH
ACC_000635,CUST_00433,SAVINGS,ACTIVE,INR,2019-09-22,,BR139,Bengaluru,232755.00,264778.44,0.00,0.00,f,CLASSIC,f,1,t,2026-08-28,19,GOLD,LOW
ACC_000636,CUST_00434,SALARY,ACTIVE,INR,2024-01-05,,BR156,Hyderabad,251537.00,288964.43,0.00,0.00,f,CLASSIC,f,3,t,2026-09-16,31,GOLD,MEDIUM
ACC_000637,CUST_00435,CURRENT,ACTIVE,INR,2024-10-01,,BR105,Bengaluru,728456.00,600670.96,0.00,0.00,f,GOLD,f,1,t,2026-09-11,14,SILVER,LOW
ACC_000638,CUST_00435,CURRENT,ACTIVE,INR,2024-10-01,,BR100,Bengaluru,440223.00,488605.95,0.00,0.00,f,CLASSIC,f,2,t,2026-09-19,24,SILVER,LOW
ACC_000639,CUST_00436,NRE,ACTIVE,INR,2019-12-12,,BR184,Hyderabad,565809.00,498863.79,0.00,0.00,f,CLASSIC,f,1,t,2026-09-08,18,SILVER,LOW
ACC_000640,CUST_00436,CURRENT,ACTIVE,INR,2019-12-12,,BR184,Hyderabad,775642.00,854437.21,0.00,0.00,t,CLASSIC,f,1,t,2026-08-25,20,SILVER,LOW
ACC_000641,CUST_00437,CURRENT,ACTIVE,INR,2016-07-02,,BR107,Chennai,901137.00,746197.30,0.00,0.00,f,CLASSIC,f,1,t,2026-09-14,32,GOLD,LOW
ACC_000642,CUST_00437,SALARY,ACTIVE,INR,2016-07-02,,BR110,Chennai,266811.00,317110.06,0.00,0.00,f,CLASSIC,f,3,t,2026-08-27,23,SILVER,LOW
ACC_000643,CUST_00438,SALARY,ACTIVE,INR,2024-06-15,,BR118,Gurugram,842536.00,770186.38,0.00,0.00,f,GOLD,f,2,t,2026-08-24,10,SILVER,LOW
ACC_000644,CUST_00439,CURRENT,ACTIVE,INR,2022-08-11,,BR134,Bengaluru,120086.00,141720.27,0.00,0.00,f,GOLD,f,3,t,2026-09-18,20,SILVER,LOW
ACC_000645,CUST_00440,NRE,ACTIVE,INR,2020-07-28,,BR188,Bengaluru,125779.00,104579.78,0.00,0.00,f,CLASSIC,f,1,t,2026-09-03,30,GOLD,LOW
ACC_000646,CUST_00441,SALARY,ACTIVE,INR,2023-08-28,,BR194,Hyderabad,43963.00,47725.33,0.00,0.00,f,GOLD,f,3,t,2026-09-02,23,SILVER,LOW
ACC_000647,CUST_00442,SALARY,ACTIVE,INR,2021-04-22,,BR188,Kolkata,750381.00,646851.02,0.00,0.00,f,CLASSIC,f,1,t,2026-08-28,26,SILVER,MEDIUM
ACC_000648,CUST_00443,NRE,ACTIVE,INR,2017-12-20,,BR176,Delhi,688436.00,703111.87,0.00,0.00,f,CLASSIC,f,2,t,2026-09-13,28,SILVER,LOW
ACC_000649,CUST_00444,SAVINGS,ACTIVE,INR,2021-04-24,,BR104,Bengaluru,106902.00,124289.49,0.00,0.00,t,GOLD,f,3,t,2026-08-30,12,SILVER,MEDIUM
ACC_000650,CUST_00445,CURRENT,ACTIVE,INR,2017-01-10,,BR191,Kolkata,813125.00,697630.69,0.00,0.00,f,GOLD,f,2,t,2026-09-03,28,SILVER,LOW
ACC_000651,CUST_00445,CURRENT,ACTIVE,INR,2017-01-10,,BR178,Kolkata,661330.00,739086.32,0.00,0.00,t,GOLD,f,1,t,2026-08-26,20,GOLD,LOW
ACC_000652,CUST_00446,NRE,ACTIVE,INR,2015-12-03,,BR196,Gurugram,894828.00,1068641.77,0.00,0.00,t,GOLD,f,1,t,2026-09-06,17,SILVER,LOW
ACC_000653,CUST_00447,SAVINGS,ACTIVE,INR,2023-03-16,,BR101,Bengaluru,728242.00,742944.81,0.00,0.00,f,CLASSIC,f,2,t,2026-09-06,13,SILVER,LOW
ACC_000654,CUST_00447,SALARY,ACTIVE,INR,2023-03-16,,BR188,Bengaluru,443791.00,373264.22,0.00,0.00,f,CLASSIC,f,3,t,2026-08-31,12,GOLD,LOW
ACC_000655,CUST_00448,SALARY,ACTIVE,INR,2015-07-12,,BR193,Chennai,34189.00,28843.12,0.00,0.00,f,CLASSIC,f,3,t,2026-09-11,23,GOLD,LOW
ACC_000656,CUST_00448,SAVINGS,ACTIVE,INR,2015-07-12,,BR145,Chennai,266823.00,266458.05,0.00,0.00,t,GOLD,f,2,t,2026-09-15,12,SILVER,LOW
ACC_000657,CUST_00449,NRE,ACTIVE,INR,2019-07-14,,BR182,Mumbai,743986.00,889535.82,0.00,0.00,f,GOLD,f,3,t,2026-09-04,31,SILVER,LOW
ACC_000658,CUST_00450,SAVINGS,ACTIVE,INR,2015-07-10,,BR197,Bengaluru,143966.00,133748.19,0.00,0.00,f,CLASSIC,f,3,t,2026-09-19,26,SILVER,LOW
ACC_000659,CUST_00451,SAVINGS,ACTIVE,INR,2015-11-20,,BR141,Gurugram,876980.00,748869.70,0.00,0.00,f,CLASSIC,f,1,t,2026-08-28,23,SILVER,LOW
ACC_000660,CUST_00452,CURRENT,ACTIVE,INR,2017-09-14,,BR122,Pune,87584.00,88412.19,0.00,0.00,f,CLASSIC,f,3,t,2026-08-31,24,GOLD,MEDIUM
ACC_000661,CUST_00453,NRE,ACTIVE,INR,2017-01-17,,BR187,Kolkata,253415.00,259868.05,0.00,0.00,f,GOLD,f,1,t,2026-09-19,14,GOLD,LOW
ACC_000662,CUST_00453,SAVINGS,ACTIVE,INR,2017-01-17,,BR158,Kolkata,883124.00,986890.83,0.00,0.00,f,GOLD,f,1,t,2026-09-19,17,GOLD,LOW
ACC_000663,CUST_00454,CURRENT,ACTIVE,INR,2021-09-02,,BR119,Chennai,683447.00,809472.66,0.00,0.00,f,GOLD,f,1,t,2026-09-08,27,GOLD,LOW
ACC_000664,CUST_00455,CURRENT,ACTIVE,INR,2017-02-20,,BR168,Delhi,681621.00,634853.01,0.00,0.00,t,CLASSIC,f,2,t,2026-09-14,26,SILVER,LOW
ACC_000665,CUST_00455,SAVINGS,ACTIVE,INR,2017-02-20,,BR161,Delhi,50078.00,54058.56,0.00,0.00,f,GOLD,f,3,t,2026-08-25,27,SILVER,LOW
ACC_000666,CUST_00456,NRE,ACTIVE,INR,2021-06-28,,BR103,Pune,577509.00,499341.42,0.00,0.00,f,CLASSIC,f,1,t,2026-09-18,27,GOLD,LOW
ACC_000667,CUST_00456,CURRENT,ACTIVE,INR,2021-06-28,,BR188,Pune,713502.00,653876.89,0.00,0.00,f,CLASSIC,f,2,t,2026-09-13,29,GOLD,LOW
ACC_000668,CUST_00457,SAVINGS,ACTIVE,INR,2018-01-21,,BR153,Kolkata,445673.00,532011.83,0.00,0.00,f,CLASSIC,f,1,t,2026-09-18,18,SILVER,LOW
ACC_000669,CUST_00458,CURRENT,ACTIVE,INR,2016-04-08,,BR105,Chennai,336288.00,368991.55,0.00,0.00,f,CLASSIC,f,1,t,2026-08-21,22,GOLD,LOW
ACC_000670,CUST_00458,SALARY,ACTIVE,INR,2016-04-08,,BR141,Chennai,179277.00,209818.66,0.00,0.00,f,GOLD,f,1,t,2026-09-12,9,SILVER,LOW
ACC_000671,CUST_00459,NRE,ACTIVE,INR,2024-04-01,,BR141,Delhi,390025.00,376906.71,0.00,0.00,f,GOLD,f,2,t,2026-09-05,22,GOLD,MEDIUM
ACC_000672,CUST_00459,SAVINGS,ACTIVE,INR,2024-04-01,,BR158,Delhi,722942.00,765578.46,0.00,0.00,f,GOLD,f,1,t,2026-09-17,22,GOLD,MEDIUM
ACC_000673,CUST_00460,NRE,ACTIVE,INR,2016-05-10,,BR100,Chennai,111295.00,120116.39,0.00,0.00,f,GOLD,f,2,t,2026-08-29,29,GOLD,LOW
ACC_000674,CUST_00461,SALARY,ACTIVE,INR,2019-07-24,,BR152,Chennai,443353.00,414315.88,0.00,0.00,f,GOLD,f,2,t,2026-08-22,12,GOLD,HIGH
ACC_000675,CUST_00461,SALARY,ACTIVE,INR,2019-07-24,,BR163,Chennai,416366.00,413385.89,0.00,0.00,f,CLASSIC,f,2,t,2026-09-12,30,GOLD,HIGH
ACC_000676,CUST_00462,NRE,ACTIVE,INR,2021-01-01,,BR179,Bengaluru,78176.00,69767.58,0.00,0.00,f,GOLD,f,1,t,2026-09-19,10,GOLD,LOW
ACC_000677,CUST_00463,SAVINGS,ACTIVE,INR,2024-04-28,,BR124,Delhi,382466.00,313407.33,0.00,0.00,f,CLASSIC,f,1,t,2026-09-05,16,SILVER,LOW
ACC_000678,CUST_00463,SAVINGS,ACTIVE,INR,2024-04-28,,BR109,Delhi,458683.00,422228.16,0.00,0.00,t,CLASSIC,f,1,t,2026-09-07,8,GOLD,LOW
ACC_000679,CUST_00464,SALARY,ACTIVE,INR,2022-03-25,,BR151,Hyderabad,420131.00,348938.93,0.00,0.00,f,GOLD,f,1,t,2026-09-19,26,GOLD,LOW
ACC_000680,CUST_00464,NRE,ACTIVE,INR,2022-03-25,,BR124,Hyderabad,155193.00,128320.06,0.00,0.00,f,GOLD,f,3,t,2026-09-07,13,SILVER,LOW
ACC_000681,CUST_00465,SALARY,ACTIVE,INR,2017-02-15,,BR114,Delhi,331195.00,374712.37,0.00,0.00,f,GOLD,f,3,t,2026-09-04,31,GOLD,LOW
ACC_000682,CUST_00466,SALARY,ACTIVE,INR,2022-12-24,,BR168,Pune,172767.00,151200.31,0.00,0.00,t,GOLD,f,2,t,2026-08-29,15,SILVER,LOW
ACC_000683,CUST_00466,NRE,ACTIVE,INR,2022-12-24,,BR109,Pune,302548.00,279447.23,0.00,0.00,f,GOLD,f,1,t,2026-09-01,14,GOLD,LOW
ACC_000684,CUST_00467,SALARY,ACTIVE,INR,2020-06-02,,BR192,Chennai,431944.00,423526.20,0.00,0.00,f,CLASSIC,f,2,t,2026-09-11,15,GOLD,MEDIUM
ACC_000685,CUST_00468,SALARY,ACTIVE,INR,2016-06-15,,BR177,Bengaluru,573297.00,505302.73,0.00,0.00,f,CLASSIC,f,1,t,2026-09-01,26,GOLD,LOW
ACC_000686,CUST_00468,SALARY,ACTIVE,INR,2016-06-15,,BR113,Bengaluru,619408.00,712812.77,0.00,0.00,f,CLASSIC,f,3,t,2026-09-10,19,SILVER,LOW
ACC_000687,CUST_00469,CURRENT,ACTIVE,INR,2015-08-20,,BR159,Delhi,246162.00,213640.85,0.00,0.00,t,CLASSIC,f,1,t,2026-09-13,12,SILVER,LOW
ACC_000688,CUST_00470,CURRENT,ACTIVE,INR,2022-11-21,,BR103,Gurugram,829703.00,937836.03,0.00,0.00,f,CLASSIC,f,1,t,2026-08-29,26,GOLD,LOW
ACC_000689,CUST_00471,SALARY,ACTIVE,INR,2015-12-10,,BR189,Chennai,790231.00,784537.24,0.00,0.00,f,GOLD,f,1,t,2026-09-13,31,GOLD,MEDIUM
ACC_000690,CUST_00471,CURRENT,ACTIVE,INR,2015-12-10,,BR132,Chennai,86535.00,78180.06,0.00,0.00,t,CLASSIC,f,3,t,2026-09-16,29,SILVER,MEDIUM
ACC_000691,CUST_00472,CURRENT,ACTIVE,INR,2018-01-02,,BR126,Bengaluru,201684.00,224860.34,0.00,0.00,f,GOLD,f,3,t,2026-09-09,26,SILVER,LOW
ACC_000692,CUST_00472,SALARY,ACTIVE,INR,2018-01-02,,BR196,Bengaluru,783197.00,868774.89,0.00,0.00,f,GOLD,f,1,t,2026-09-18,13,GOLD,LOW
ACC_000693,CUST_00473,CURRENT,ACTIVE,INR,2023-02-01,,BR129,Chennai,414721.00,375617.33,0.00,0.00,f,GOLD,f,1,t,2026-09-02,9,SILVER,MEDIUM
ACC_000694,CUST_00473,SAVINGS,ACTIVE,INR,2023-02-01,,BR140,Chennai,370897.00,432122.49,0.00,0.00,f,CLASSIC,f,3,t,2026-09-07,30,GOLD,MEDIUM
ACC_000695,CUST_00474,CURRENT,ACTIVE,INR,2017-03-17,,BR151,Kolkata,83185.00,68114.34,0.00,0.00,f,GOLD,f,3,t,2026-08-27,15,GOLD,MEDIUM
ACC_000696,CUST_00475,NRE,ACTIVE,INR,2020-12-07,,BR160,Hyderabad,280063.00,263317.51,0.00,0.00,f,CLASSIC,f,3,t,2026-08-24,22,SILVER,LOW
ACC_000697,CUST_00476,NRE,ACTIVE,INR,2022-05-28,,BR139,Chennai,861006.00,710483.37,0.00,0.00,t,CLASSIC,f,1,t,2026-09-17,21,SILVER,HIGH
ACC_000698,CUST_00476,CURRENT,ACTIVE,INR,2022-05-28,,BR143,Chennai,123988.00,103038.13,0.00,0.00,f,CLASSIC,f,1,t,2026-08-27,8,SILVER,HIGH
ACC_000699,CUST_00477,CURRENT,ACTIVE,INR,2016-10-08,,BR157,Mumbai,357078.00,347615.89,0.00,0.00,f,GOLD,f,1,t,2026-08-22,13,SILVER,HIGH
ACC_000700,CUST_00477,NRE,ACTIVE,INR,2016-10-08,,BR181,Mumbai,903788.00,998747.37,0.00,0.00,f,GOLD,f,1,t,2026-09-09,12,GOLD,HIGH
ACC_000701,CUST_00478,SALARY,ACTIVE,INR,2019-11-09,,BR106,Bengaluru,631670.00,641170.97,0.00,0.00,f,CLASSIC,f,2,t,2026-09-10,27,SILVER,MEDIUM
ACC_000702,CUST_00479,SALARY,ACTIVE,INR,2020-02-24,,BR174,Pune,117425.00,105052.83,0.00,0.00,t,GOLD,f,2,t,2026-09-13,30,GOLD,LOW
ACC_000703,CUST_00480,SALARY,ACTIVE,INR,2016-03-10,,BR114,Bengaluru,382546.00,421199.84,0.00,0.00,f,GOLD,f,2,t,2026-09-16,29,SILVER,LOW
ACC_000704,CUST_00480,SAVINGS,ACTIVE,INR,2016-03-10,,BR148,Bengaluru,455024.00,503116.62,0.00,0.00,f,GOLD,f,1,t,2026-08-26,17,GOLD,LOW
ACC_000705,CUST_00481,SALARY,ACTIVE,INR,2019-07-05,,BR128,Delhi,14449.00,14210.59,0.00,0.00,t,CLASSIC,f,1,t,2026-09-18,18,GOLD,LOW
ACC_000706,CUST_00481,CURRENT,ACTIVE,INR,2019-07-05,,BR147,Delhi,674615.00,641820.54,0.00,0.00,f,CLASSIC,f,3,t,2026-08-25,20,SILVER,LOW
ACC_000707,CUST_00482,CURRENT,ACTIVE,INR,2018-10-19,,BR167,Delhi,743588.00,852309.97,0.00,0.00,f,CLASSIC,f,3,t,2026-09-02,17,GOLD,LOW
ACC_000708,CUST_00482,SAVINGS,ACTIVE,INR,2018-10-19,,BR114,Delhi,188063.00,180845.26,0.00,0.00,t,CLASSIC,f,3,t,2026-09-12,22,SILVER,LOW
ACC_000709,CUST_00483,CURRENT,ACTIVE,INR,2021-10-10,,BR114,Gurugram,836039.00,864767.21,0.00,0.00,f,CLASSIC,f,1,t,2026-08-22,30,SILVER,LOW
ACC_000710,CUST_00484,CURRENT,ACTIVE,INR,2018-07-23,,BR116,Kolkata,668172.00,642382.14,0.00,0.00,f,CLASSIC,f,3,t,2026-09-14,20,GOLD,HIGH
ACC_000711,CUST_00484,SAVINGS,ACTIVE,INR,2018-07-23,,BR156,Kolkata,859776.00,969472.39,0.00,0.00,f,GOLD,f,1,t,2026-09-05,29,GOLD,HIGH
ACC_000712,CUST_00485,SAVINGS,ACTIVE,INR,2018-04-13,,BR138,Hyderabad,52591.00,60848.56,0.00,0.00,f,CLASSIC,f,3,t,2026-08-27,14,GOLD,HIGH
ACC_000713,CUST_00486,SAVINGS,ACTIVE,INR,2022-04-12,,BR165,Mumbai,679793.00,549634.63,0.00,0.00,t,CLASSIC,f,2,t,2026-09-09,20,SILVER,MEDIUM
ACC_000714,CUST_00486,SALARY,ACTIVE,INR,2022-04-12,,BR100,Mumbai,704735.00,829463.68,0.00,0.00,f,GOLD,f,1,t,2026-09-16,15,SILVER,MEDIUM
ACC_000715,CUST_00487,NRE,ACTIVE,INR,2018-06-23,,BR100,Gurugram,176427.00,169929.42,0.00,0.00,f,CLASSIC,f,3,t,2026-09-02,8,SILVER,LOW
ACC_000716,CUST_00487,CURRENT,ACTIVE,INR,2018-06-23,,BR157,Gurugram,236894.00,192344.52,0.00,0.00,f,CLASSIC,f,1,t,2026-08-25,22,SILVER,LOW
ACC_000717,CUST_00488,NRE,ACTIVE,INR,2022-05-22,,BR173,Mumbai,20636.00,22853.43,0.00,0.00,t,GOLD,f,3,t,2026-09-09,23,GOLD,MEDIUM
ACC_000718,CUST_00488,NRE,ACTIVE,INR,2022-05-22,,BR168,Mumbai,862770.00,890340.54,0.00,0.00,f,GOLD,f,3,t,2026-09-05,11,SILVER,MEDIUM
ACC_000719,CUST_00489,NRE,ACTIVE,INR,2024-12-05,,BR156,Chennai,151659.00,139717.75,0.00,0.00,t,CLASSIC,f,1,t,2026-09-11,28,GOLD,MEDIUM
ACC_000720,CUST_00489,SALARY,ACTIVE,INR,2024-12-05,,BR133,Chennai,582375.00,614313.97,0.00,0.00,f,GOLD,f,2,t,2026-09-19,32,GOLD,MEDIUM
ACC_000721,CUST_00490,CURRENT,ACTIVE,INR,2021-05-22,,BR112,Kolkata,626742.00,691927.36,0.00,0.00,f,CLASSIC,f,1,t,2026-09-04,31,GOLD,LOW
ACC_000722,CUST_00491,SALARY,ACTIVE,INR,2024-05-18,,BR148,Mumbai,359174.00,380516.45,0.00,0.00,t,GOLD,f,3,t,2026-08-22,26,GOLD,LOW
ACC_000723,CUST_00491,NRE,ACTIVE,INR,2024-05-18,,BR145,Mumbai,583189.00,596482.39,0.00,0.00,t,CLASSIC,f,1,t,2026-09-09,28,SILVER,LOW
ACC_000724,CUST_00492,NRE,ACTIVE,INR,2017-12-15,,BR141,Chennai,680646.00,790287.75,0.00,0.00,f,GOLD,f,1,t,2026-09-13,31,GOLD,LOW
ACC_000725,CUST_00492,SAVINGS,ACTIVE,INR,2017-12-15,,BR143,Chennai,464589.00,513326.59,0.00,0.00,f,GOLD,f,3,t,2026-09-10,16,GOLD,LOW
ACC_000726,CUST_00493,SAVINGS,ACTIVE,INR,2017-02-01,,BR157,Gurugram,159340.00,149090.47,0.00,0.00,f,GOLD,f,2,t,2026-08-21,32,GOLD,LOW
ACC_000727,CUST_00494,CURRENT,ACTIVE,INR,2021-06-15,,BR185,Pune,122382.00,133549.10,0.00,0.00,f,CLASSIC,f,3,t,2026-09-03,13,SILVER,LOW
ACC_000728,CUST_00495,NRE,ACTIVE,INR,2021-11-20,,BR140,Mumbai,377536.00,377872.96,0.00,0.00,f,GOLD,f,2,t,2026-09-18,28,GOLD,LOW
ACC_000729,CUST_00495,SAVINGS,ACTIVE,INR,2021-11-20,,BR106,Mumbai,214655.00,215798.49,0.00,0.00,f,GOLD,f,1,t,2026-09-07,29,GOLD,LOW
ACC_000730,CUST_00496,NRE,ACTIVE,INR,2020-10-15,,BR136,Hyderabad,397424.00,319581.66,0.00,0.00,f,CLASSIC,f,1,t,2026-09-01,12,GOLD,LOW
ACC_000731,CUST_00497,NRE,ACTIVE,INR,2024-05-04,,BR164,Hyderabad,203615.00,179761.75,0.00,0.00,f,CLASSIC,f,1,t,2026-09-12,31,SILVER,MEDIUM
ACC_000732,CUST_00497,SAVINGS,ACTIVE,INR,2024-05-04,,BR179,Hyderabad,799935.00,659954.84,0.00,0.00,f,CLASSIC,f,1,t,2026-08-25,31,SILVER,MEDIUM
ACC_000733,CUST_00498,SAVINGS,ACTIVE,INR,2018-11-24,,BR137,Mumbai,633983.00,622579.94,0.00,0.00,f,CLASSIC,f,3,t,2026-09-02,26,GOLD,MEDIUM
ACC_000734,CUST_00498,NRE,ACTIVE,INR,2018-11-24,,BR166,Mumbai,673504.00,757805.50,0.00,0.00,f,CLASSIC,f,2,t,2026-09-15,25,GOLD,MEDIUM
ACC_000735,CUST_00499,CURRENT,ACTIVE,INR,2018-06-15,,BR163,Chennai,59089.00,65877.72,0.00,0.00,f,CLASSIC,f,3,t,2026-09-04,9,GOLD,LOW
ACC_000736,CUST_00499,NRE,ACTIVE,INR,2018-06-15,,BR166,Chennai,560239.00,510968.91,0.00,0.00,f,CLASSIC,f,3,t,2026-08-23,15,SILVER,LOW
ACC_000737,CUST_00500,SAVINGS,ACTIVE,INR,2015-08-26,,BR109,Kolkata,540343.00,463576.23,0.00,0.00,f,GOLD,f,2,t,2026-09-05,12,SILVER,MEDIUM
